"Bezeichnung (singular)","Bezeichnung (plural)","Version","Beschreibung","Daten-Profil Typ","Tabellen-Name","Reihenfolge","Symbol","Reorgzeiten konfigurieren","API-Name","Eltern Daten-Profil","Erstellt am","Erstellt von","Geändert am","Geändert von"
"Abrechnungsprotokoll","Abrechnungsprotokolle","","","Bewegungsdaten","billing_protocol","","$plx-billing-data","Nein","billing-protocol","","28.07.2026 14:34:21 Uhr","","28.07.2026 14:34:21 Uhr",""
"ADR","ADR","","","Stammdaten","51abbd","","","Nein","","Gefahrrechtliche Grundlage","28.07.2026 14:34:21 Uhr","","28.07.2026 14:34:21 Uhr",""
"Adresse","Adressen","","","Bewegungsdaten","address_data","1","mdi-home-city-outline","Nein","address-data","Auftrag","28.07.2026 14:34:21 Uhr","","28.07.2026 14:34:21 Uhr",""
"Adresse","Adressen","","","Bewegungsdaten","customs_address","","mdi-home-city-outline","Nein","customs-address","Verzollung","28.07.2026 14:34:21 Uhr","","28.07.2026 14:34:21 Uhr",""
"Adresse","Adressen","","","Bewegungsdaten","freight_address","0","mdi-home-city-outline","Nein","freight-address","Ladung","28.07.2026 14:34:21 Uhr","","28.07.2026 14:34:21 Uhr",""
"Adresse","Adressen","","","Bewegungsdaten","tour_address","0","mdi-home-city-outline","Nein","tour-address","Tour","28.07.2026 14:34:21 Uhr","","28.07.2026 14:34:21 Uhr",""
"Adresse (Auftragsmatrix)","Adressen (Auftragsmatrix)","","","Stammdaten","order_matrix_address","1","mdi-home-city-outline","Nein","order-matrix-address","Matrix (Auftrag)","28.07.2026 14:34:21 Uhr","","28.07.2026 14:34:21 Uhr",""
"Adressestamm","Adressestämme","","","Stammdaten","address_master","0","mdi-home-city-outline","Nein","address-master","Buchungskreis Adressstamm","28.07.2026 14:34:21 Uhr","","28.07.2026 14:34:21 Uhr",""
"Aktion","Aktionen","","","Stammdaten","order_pool_action","1","mdi-movie-open-play","Nein","order-pool-action","Pool (Auftrag)","28.07.2026 14:34:21 Uhr","","28.07.2026 14:34:21 Uhr",""
"Aktion","Aktionen","","","Stammdaten","task_pool_action","1","mdi-movie-open-play","Nein","task-pool-action","Pool (Vorgang)","28.07.2026 14:34:21 Uhr","","28.07.2026 14:34:21 Uhr",""
"Aktion","Aktionen","","","Stammdaten","trigger_action_stock_qualification","3","mdi-movie-open-play-outline","Nein","trigger-action-stock-qualification","Aktionstrigger","28.07.2026 14:34:21 Uhr","","28.07.2026 14:34:21 Uhr",""
"Aktionstrigger","Aktionstrigger","","","Stammdaten","trigger_action","11","mdi-alpha-a-circle","Nein","trigger-action","Profil (Bestandsarten)","28.07.2026 14:34:21 Uhr","","28.07.2026 14:34:21 Uhr",""
"Anhang","Anhänge","","","Bewegungsdaten","task_attachment","2","mdi-folder-open-outline","Nein","task-attachment","Vorgang","28.07.2026 14:34:21 Uhr","","28.07.2026 14:34:21 Uhr",""
"Anhang","Anhänge","","","Stammdaten","vehicle_master_attachment","","mdi-folder-open-outline","Nein","vehicle-master-attachment","Stamm (Fahrzeug)","28.07.2026 14:34:21 Uhr","","28.07.2026 14:34:21 Uhr",""
"Anhang","Anhänge","","","Bewegungsdaten","handling_unit_attachment","2","mdi-folder-open-outline","Nein","handling-unit-attachment","Handling-Unit","28.07.2026 14:34:21 Uhr","","28.07.2026 14:34:21 Uhr",""
"Anhang","Anhänge","","","Bewegungsdaten","order_attachment","2","mdi-folder-open-outline","Nein","order-attachment","Auftrag","28.07.2026 14:34:21 Uhr","","28.07.2026 14:34:21 Uhr",""
"Anhang","Anhänge","","","Bewegungsdaten","freight_attachment","3","mdi-folder-open-outline","Nein","freight-attachment","Ladung","28.07.2026 14:34:21 Uhr","","28.07.2026 14:34:21 Uhr",""
"Anhang","Anhänge","","","Stammdaten","transport_operator_attachment","1","mdi-folder-open-outline","Nein","transport-operator-attachment","Stamm (Unternehmer)","28.07.2026 14:34:21 Uhr","","28.07.2026 14:34:21 Uhr",""
"Anhang","Anhänge","","","Bewegungsdaten","tour_attachment","","mdi-folder-open-outline","Nein","tour-attachment","Tour","28.07.2026 14:34:21 Uhr","","28.07.2026 14:34:21 Uhr",""
"Anhang","Anhänge","","","Stammdaten","item_master_attachment","","mdi-folder-open-outline","Nein","item-master-attachment","Artikelstamm","28.07.2026 14:34:21 Uhr","","28.07.2026 14:34:21 Uhr",""
"Anrede","Anreden","","","Stammdaten","salutation","4","mdi-human-male-female","Nein","salutation","Buchungskreis Adressstamm","28.07.2026 14:34:21 Uhr","","28.07.2026 14:34:21 Uhr",""
"Anzeige (Bestandsmerkmale)","Anzeigen (Bestandsmerkmale)","","","Stammdaten","stock_characteristics_display","1","mdi-cellphone-text","Nein","stock-characteristics-display","Profil (Bestandsmerkmal)","28.07.2026 14:34:21 Uhr","","29.07.2026 09:54:29 Uhr","Bente Wittern"
"Arbeitszone","Arbeitszonen","","","Stammdaten","working_area","","mdi-select-marker","Nein","working-area","Standort","28.07.2026 14:34:21 Uhr","","28.07.2026 14:34:21 Uhr",""
"Art (Auftrag)","Arten (Auftrag)","","","Stammdaten","order_sub_type","3","mdi-format-list-bulleted-type","Nein","order-sub-type","Buchungskreis Auftrag","28.07.2026 14:34:21 Uhr","","28.07.2026 14:34:21 Uhr",""
"Art (Auftragsposition)","Arten (Auftragsposition)","","","Stammdaten","order_position_sub_type","7","mdi-format-list-bulleted-type","Nein","order-position-sub-type","Buchungskreis Auftrag","28.07.2026 14:34:21 Uhr","","28.07.2026 14:34:21 Uhr",""
"Art (Bestand)","Arten (Bestand)","","","Stammdaten","stock_sub_type","7","mdi-tag-multiple-outline","Nein","stock-sub-type","Buchungskreis Artikelstamm","28.07.2026 14:34:21 Uhr","","28.07.2026 14:34:21 Uhr",""
"Art (Fracht)","Arten (Fracht)","","","Stammdaten","freight_sub_type","12","mdi-plane-train","Nein","freight-sub-type","Buchungskreis Auftrag","28.07.2026 14:34:21 Uhr","","28.07.2026 14:34:21 Uhr",""
"Artikelkategorie","Artikelkategorien","","","Stammdaten","task_evaluation_item_category","5","mdi-select-group","Nein","task-evaluation-item-category","Vorgangseinstufung II","28.07.2026 14:34:21 Uhr","","28.07.2026 14:34:21 Uhr",""
"Artikelstamm","Artikelstämme","","","Stammdaten","item_master","0","style","Nein","item-master","Buchungskreis Artikelstamm","28.07.2026 14:34:21 Uhr","","28.07.2026 14:34:21 Uhr",""
"Art (Seriennummer)","Arten (Seriennummer)","","","Stammdaten","type_serial_number","","mdi-key-change","Nein","type-serial-number","Profil (Seriennummer)","28.07.2026 14:34:21 Uhr","","28.07.2026 14:34:21 Uhr",""
"Art (Versand)","Arten (Versand)","","","Stammdaten","shipping_sub_type","11","toll","Nein","shipping-sub-type","Buchungskreis Auftrag","28.07.2026 14:34:21 Uhr","","28.07.2026 14:34:21 Uhr",""
"Art (Vorgang)","Arten (Vorgang)","","","Stammdaten","task_sub_type","2","mdi-format-list-bulleted-type","Nein","task-sub-type","Buchungskreis Vorgang","28.07.2026 14:34:21 Uhr","","28.07.2026 14:34:21 Uhr",""
"Auftrag","Aufträge","","","Bewegungsdaten","order_head","","$plx-orders","Ja","order-head","","28.07.2026 14:34:21 Uhr","","28.07.2026 14:34:21 Uhr",""
"Auftragswelle","Auftragswellen","","","Bewegungsdaten","order_wave","","mdi-waves","Nein","order-wave","","28.07.2026 14:34:21 Uhr","","28.07.2026 14:34:21 Uhr",""
"Auftragszonierung","Auftragszonierungen","","","Stammdaten","locating_search_order_zoning","","mdi-grid-large","Nein","locating-search-order-zoning","Lokationssuche","28.07.2026 14:34:21 Uhr","","28.07.2026 14:34:21 Uhr",""
"Base Message","Base Messages","","","Stammdaten","base_message","","","Nein","base-message","Basiskonfiguration","07.09.2026 23:29:30 Uhr","Shashank Dixit","07.09.2026 23:29:30 Uhr","Shashank Dixit"
"Basiskonfiguration","Basiskonfigurationen","","","Stammdaten","base_config","","$plx-base-configuration","Nein","base-config","","28.07.2026 14:34:21 Uhr","","28.07.2026 14:34:21 Uhr",""
"Basisversandart","Basisversandarten","","","Stammdaten","base_shipping_type","","$plx-base-shipping-data","Nein","base-shipping-type","","28.07.2026 14:34:21 Uhr","","28.07.2026 14:34:21 Uhr",""
"Beförderungskategorie","Beförderungskategorien","","","Stammdaten","hazard_transportation_categories","18","$plx-transport-categories","Nein","hazard-transportation-categories","","28.07.2026 14:34:21 Uhr","","28.07.2026 14:34:21 Uhr",""
"Begrenzer","Begrenzer","","","Stammdaten","limiter","","mdi-vector-link","Nein","limiter","Gruppe (Begrenzer)","28.07.2026 14:34:21 Uhr","","28.07.2026 14:34:21 Uhr",""
"Beleg","Belege","","","Bewegungsdaten","receipt","","mdi-receipt-text-outline","Nein","receipt","Inventur","28.07.2026 14:34:21 Uhr","","28.07.2026 14:34:21 Uhr",""
"Bestandskonto","Bestandskonten","","","Stammdaten","f672af","0","mdi-scale-balance","Nein","","Buchungskreis Lademittelkonto","28.07.2026 14:34:21 Uhr","","28.07.2026 14:34:21 Uhr",""
"Bestandsmerkmalvalidierung","Bestandsmerkmalvalidierungen","","","Stammdaten","inventory_characteristic_validation","0","mdi-eye-check-outline","Nein","inventory-characteristic-validation","Profil (Bestandsmerkmal)","28.07.2026 14:34:21 Uhr","","28.07.2026 14:34:21 Uhr",""
"Bestandsprotokoll","Bestandsprotokolle","","","Bewegungsdaten","733fc9","","mdi-sigma","Nein","","","28.07.2026 14:34:21 Uhr","","28.07.2026 14:34:21 Uhr",""
"Bestandsqualifikation","Bestandsqualifikationen","","","Bewegungsdaten","quant_stock_qualification","","mdi-tag-multiple-outline","Nein","quant-stock-qualification","Quant","28.07.2026 14:34:21 Uhr","","28.07.2026 14:34:21 Uhr",""
"Bestandsqualifikation","Bestandsqualifikationen","","","Bewegungsdaten","f26712","","mdi-tag-multiple-outline","Nein","","Bestandsprotokoll","28.07.2026 14:34:21 Uhr","","28.07.2026 14:34:21 Uhr",""
"Bestandsqualifikation","Bestandsqualifikationen","","","Bewegungsdaten","allocation_stock_qualification","1","mdi-tag-multiple-outline","Nein","allocation-stock-qualification","Zuteilung","28.07.2026 14:34:21 Uhr","","28.07.2026 14:34:21 Uhr",""
"Bestandsqualifikation","Bestandsqualifikationen","","","Bewegungsdaten","task_stock_qualification","0","mdi-tag-multiple-outline","Nein","task-stock-qualification","Position","28.07.2026 14:34:21 Uhr","","28.07.2026 14:34:21 Uhr",""
"Bestandsqualifikation","Bestandsqualifikationen","","","Stammdaten","stock_qualification","","mdi-tag-multiple-outline","Nein","stock-qualification","Art (Bestand)","28.07.2026 14:34:21 Uhr","","28.07.2026 14:34:21 Uhr",""
"Bestandsqualifikation","Bestandsqualifikationen","","","Stammdaten","reservation_run_stock_qualification","","mdi-tag-multiple-outline","Nein","reservation-run-stock-qualification","Durchlauf","28.07.2026 14:34:21 Uhr","","28.07.2026 14:34:21 Uhr",""
"Bestandsqualifikation","Bestandsqualifikationen","","","Stammdaten","allocation_type_stock_qualification","2","mdi-tag-multiple-outline","Nein","allocation-type-stock-qualification","Typ (Zuteilung)","28.07.2026 14:34:21 Uhr","","28.07.2026 14:34:21 Uhr",""
"Bestandsqualifikation","Bestandsqualifikationen","","","Bewegungsdaten","order_position_stock_qualification","3","mdi-tag-multiple-outline","Nein","order-position-stock-qualification","Position","28.07.2026 14:34:21 Uhr","","28.07.2026 14:34:21 Uhr",""
"Bestandsregel","Bestandsregeln","","","Stammdaten","replenishment_rule","3","mdi-resize","Nein","replenishment-rules","Standort","28.07.2026 14:34:21 Uhr","","28.07.2026 14:34:21 Uhr",""
"Bezeichner (Daten)","Bezeichner (Daten)","","","Stammdaten","application_identifier","4","mdi-code-tags","Nein","application-identifier","Basiskonfiguration","28.07.2026 14:34:21 Uhr","","28.07.2026 14:34:21 Uhr",""
"Bezeichner (Referenz)","Bezeichner (Referenz)","","","Stammdaten","identifier_reference","5","mdi-clipboard-text-clock-outline","Nein","identifier-reference","Basiskonfiguration","28.07.2026 14:34:21 Uhr","","28.07.2026 14:34:21 Uhr",""
"Bild","Bilder","","","Stammdaten","vas_image","","mdi-panorama-outline","Nein","vas-image","Stamm (VAS)","28.07.2026 14:34:21 Uhr","","28.07.2026 14:34:21 Uhr",""
"Bild","Bilder","","","Stammdaten","vas_step_image","","mdi-panorama-outline","Nein","vas-step-image","VAS-Schritt","28.07.2026 14:34:21 Uhr","","28.07.2026 14:34:21 Uhr",""
"Buchungskreis Abrechnung","Buchungskreise Abrechnung","","","Stammdaten","accounting_area_billing","","$plx-billing-data","Nein","accounting-area-billing","","28.07.2026 14:34:21 Uhr","","28.07.2026 14:34:21 Uhr",""
"Buchungskreis Adressstamm","Buchungskreise Adressestamm","","","Stammdaten","accounting_area_addresses","","$plx-accounting-area-addresses","Nein","accounting-area-addresses","","28.07.2026 14:34:21 Uhr","","28.07.2026 14:34:21 Uhr",""
"Buchungskreis Artikelstamm","Buchungskreise Artikelstamm","","","Stammdaten","accounting_area_item_master","","$plx-accounting-area-item-master","Nein","accounting-area-item-master","","28.07.2026 14:34:21 Uhr","","28.07.2026 14:34:21 Uhr",""
"Buchungskreis Auftrag","Buchungskreise Auftrag","","","Stammdaten","accounting_area_order_handling","","$plx-accounting-area-order-handling","Nein","accounting-area-order-handling","","28.07.2026 14:34:21 Uhr","","28.07.2026 14:34:21 Uhr",""
"Buchungskreis Auftragswelle","Buchungskreise Auftragswelle","","","Stammdaten","accounting_area_order_wave","","$plx-accounting-area-order-wave","Nein","accounting-area-order-wave","","28.07.2026 14:34:21 Uhr","","28.07.2026 14:34:21 Uhr",""
"Buchungskreis Disposition","Buchungskreise Disposition","","","Stammdaten","accounting_area_scheduling","","$plx-accounting-area-scheduling","Nein","accounting-area-scheduling","","28.07.2026 14:34:21 Uhr","","28.07.2026 14:34:21 Uhr",""
"Buchungskreis Handling-Unit","Buchungskreise Handling-Unit","","","Stammdaten","accounting_area_handling_unit","","$plx-accounting-area-handling-unit","Nein","accounting-area-handling-unit","","28.07.2026 14:34:21 Uhr","","28.07.2026 14:34:21 Uhr",""
"Buchungskreis Lademittelkonto","Buchungskreise Lademittelkonto","","","Stammdaten","accounting_area_loading_equipment_account","","$plx-accounting-area-loading-equipment","Nein","accounting-area-loading-equipment-account","","28.07.2026 14:34:21 Uhr","","28.07.2026 14:34:21 Uhr",""
"Buchungskreis Lagertopologie","Buchungskreise Lagertopologie","","","Stammdaten","accounting_area_storage_topology","","$plx-storage-topology","Nein","accounting-area-storage-topology","","28.07.2026 14:34:21 Uhr","","28.07.2026 14:34:21 Uhr",""
"Buchungskreis Tour/Ladung","Buchungskreise Tour/Ladung","","","Stammdaten","accounting_area_loading","","$plx-accounting-area-loading","Nein","accounting-area-loading","","28.07.2026 14:34:21 Uhr","","28.07.2026 14:34:21 Uhr",""
"Buchungskreis Vorgang","Buchungskreise Vorgang","","","Stammdaten","accounting_area_task_handling","","$plx-accounting-area-task-handling","Nein","accounting-area-task-handling","","28.07.2026 14:34:21 Uhr","","28.07.2026 14:34:21 Uhr",""
"Buchungskreis Zoll","Buchungskreise Zoll","","","Stammdaten","accounting_area_customs","","$plx-customs","Nein","accounting-area-customs","","28.07.2026 14:34:21 Uhr","","28.07.2026 14:34:21 Uhr",""
"Buchungsmatrix","Buchungsmatrix","","","Stammdaten","stock_qualification_booking_matrix","1","mdi-map-marker-distance","Nein","stock-qualification-booking-matrix","Profil (Bestandsarten)","28.07.2026 14:34:21 Uhr","","28.07.2026 14:34:21 Uhr",""
"CAS-Nummer","CAS-Nummern","","","Stammdaten","cas_number","5","$plx-cas-numbers","Nein","cas-number","","28.07.2026 14:34:21 Uhr","","28.07.2026 14:34:21 Uhr",""
"Catch Weight","Catch Weights","","","Bewegungsdaten","allocation_catch_weight","4","mdi-weight","Nein","allocation-catch-weight","Zuteilung","28.07.2026 14:34:21 Uhr","","28.07.2026 14:34:21 Uhr",""
"Catch Weight","Catch Weights","","","Bewegungsdaten","order_position_catch_weight","6","mdi-weight","Nein","order-position-catch-weight","Position","28.07.2026 14:34:21 Uhr","","28.07.2026 14:34:21 Uhr",""
"Cluster (Platz)","Cluster (Platz)","","","Stammdaten","storage_location_sort","4","mdi-arrange-bring-forward","Nein","storage-location-sort","Buchungskreis Lagertopologie","28.07.2026 14:34:21 Uhr","","28.07.2026 14:34:21 Uhr",""
"Cluster (Ressource)","Cluster (Ressource)","","","Stammdaten","cluster_resource","9","mdi-table-furniture","Nein","cluster-resource","Buchungskreis Lagertopologie","28.07.2026 14:34:21 Uhr","","28.07.2026 14:34:21 Uhr",""
"Cluster (Routing)","Cluster (Routing)","","","Stammdaten","cluster_routing","11","mdi-map-marker-distance","Nein","cluster-routing","Buchungskreis Lagertopologie","28.07.2026 14:34:21 Uhr","","28.07.2026 14:34:21 Uhr",""
"Cluster (Zone)","Cluster (Zone)","","","Stammdaten","storage_zone_sort","1","mdi-home-group","Nein","storage-zone-sort","Buchungskreis Lagertopologie","28.07.2026 14:34:21 Uhr","","28.07.2026 14:34:21 Uhr",""
"DataMatrix Codes","","","","Stammdaten","0e62ad","","","Nein","","Mandant","28.07.2026 14:34:21 Uhr","","28.07.2026 14:34:21 Uhr",""
"Datei","Dateien","","","Stammdaten","vas_step_file","","mdi-file-cabinet","Nein","vas-step-file","VAS-Schritt","28.07.2026 14:34:21 Uhr","","28.07.2026 14:34:21 Uhr",""
"Datei","Dateien","","","Stammdaten","vas_file","","mdi-file-cabinet","Nein","vas-file","Stamm (VAS)","28.07.2026 14:34:21 Uhr","","28.07.2026 14:34:21 Uhr",""
"Datenbezeichnerprofileintrag","Datenbezeichnerprofileinträge","","","Stammdaten","application_identifier_profil_entry","","mdi-table-of-contents","Nein","application-identifier-profil-entry","Profil (GS1)","28.07.2026 14:34:21 Uhr","","28.07.2026 14:34:21 Uhr",""
"Durchlauf","Durchläufe","","","Stammdaten","reservation_run","3","mdi-reload","Nein","reservation-run","Typ (Zuteilung)","28.07.2026 14:34:21 Uhr","","28.07.2026 14:34:21 Uhr",""
"Durchlauf","Durchläufe","","","Stammdaten","task_evaluation_iteration","0","mdi-reload","Nein","task-evaluation-iteration","Vorgangseinstufung II","28.07.2026 14:34:21 Uhr","","28.07.2026 14:34:21 Uhr",""
"Durchlauf","Durchläufe","","","Stammdaten","273434","","mdi-reload","Nein","","Lokationsoptimierung (Defragmentieren)","28.07.2026 14:34:21 Uhr","","28.07.2026 14:34:21 Uhr",""
"Durchlauf (Matrix)","Durchläufe (Matrix)","","","Stammdaten","matrix_group","1","mdi-table-multiple","Nein","matrix-group","Buchungskreis Auftrag","28.07.2026 14:34:21 Uhr","","28.07.2026 14:34:21 Uhr",""
"EG-Nummer","EG-Nummern","","","Stammdaten","er_number","6","$plx-ec-numbers","Nein","er-number","","28.07.2026 14:34:21 Uhr","","28.07.2026 14:34:21 Uhr",""
"Einheit (Abrechnung)","Einheiten (Abrechnung)","","","Stammdaten","billing_unit","4","mdi-cash-register","Nein","billing-unit","Buchungskreis Abrechnung","28.07.2026 14:34:21 Uhr","","28.07.2026 14:34:21 Uhr",""
"Einheit (Gebinde)","Einheiten (Gebinde)","","","Stammdaten","bundling_unit","2","mdi-shipping-pallet","Nein","bundling-unit","Buchungskreis Artikelstamm","28.07.2026 14:34:21 Uhr","","28.07.2026 14:34:21 Uhr",""
"Einheit (Mengen)","Einheiten (Mengen)","","","Stammdaten","quantity_unit","1","mdi-ruler","Nein","quantity-unit","Buchungskreis Artikelstamm","28.07.2026 14:34:21 Uhr","","28.07.2026 14:34:21 Uhr",""
"Einheit (Zoll)","Einheiten (Zoll)","","","Stammdaten","customs_quantity_units","8","mdi-ruler","Nein","customs-quantity-units","Buchungskreis Zoll","28.07.2026 14:34:21 Uhr","","28.07.2026 14:34:21 Uhr",""
"Fach","Fächer","","","Stammdaten","compartment","1","mdi-focus-field-horizontal","Nein","compartment","Zone","28.07.2026 14:34:21 Uhr","","28.07.2026 14:34:21 Uhr",""
"Feinrelation","Feinrelationen","","","Stammdaten","fine_relation","","mdi-image-filter-center-focus","Nein","fine-relation","Grobrelation","28.07.2026 14:34:21 Uhr","","28.07.2026 14:34:21 Uhr",""
"Feld","Felder","","","Stammdaten","storage_location_field","9","mdi-focus-field","Nein","storage-location-field","Standort","28.07.2026 14:34:21 Uhr","","28.07.2026 14:34:21 Uhr",""
"Filter","Filter","","","Stammdaten","locating_search_filter","1","mdi-filter-variant","Nein","locating-search-filter","Sortierung (Lokationssuche)","28.07.2026 14:34:21 Uhr","","28.07.2026 14:34:21 Uhr",""
"Filter","Filter","","","Stammdaten","task_ordering_filter","","mdi-filter-variant","Nein","task-ordering-filter","Sortierung (Vorgang)","28.07.2026 14:34:21 Uhr","","28.07.2026 14:34:21 Uhr",""
"Fixe/Dynamische HU-Zuordnung","Fixe/Dynamische HU-Zuordnungen","","","Stammdaten","compartment_hu_assignment","0","mdi-view-quilt","Nein","compartment-hu-assignment","Typ (Fach)","28.07.2026 14:34:21 Uhr","","28.07.2026 14:34:21 Uhr",""
"Fixe/Dynamische HU-Zuordnung","Fixe/Dynamische HU-Zuordnungen","","","Stammdaten","storage_location_hu_assignment","2","mdi-view-quilt","Nein","storage-location-hu-assignment","Typ (Platz)","28.07.2026 14:34:21 Uhr","","28.07.2026 14:34:21 Uhr",""
"Fixe HU-Zuordnung (ohne Raster)","Fixe HU-Zuordnung (ohne Raster)","","","Stammdaten","handling_unit_location_assignment","1","mdi-view-stream","Nein","handling-unit-location-assignment","Typ (Platz)","28.07.2026 14:34:21 Uhr","","28.07.2026 14:34:21 Uhr",""
"Frachtstück","Frachtstücke","","","Bewegungsdaten","freight_pieces","","mdi-package-variant-closed-check","Nein","freight-pieces","Ladeziel","28.07.2026 14:34:21 Uhr","","28.07.2026 14:34:21 Uhr",""
"Frankatur","Frankaturen","","","Stammdaten","delivery_terms","","$plx-postage-types","Nein","delivery-terms","","28.07.2026 14:34:21 Uhr","","28.07.2026 14:34:21 Uhr",""
"Gang","Gänge","","","Stammdaten","aisle","10","mdi-road-variant","Nein","aisle","Standort","28.07.2026 14:34:21 Uhr","","28.07.2026 14:34:21 Uhr",""
"Gang / Regal","Gänge / Regale","","","Stammdaten","task_evaluation_location_shelve","","mdi-road-variant","Nein","task-evaluation-location-shelve","Vorgangseinstufung II","28.07.2026 14:34:21 Uhr","","28.07.2026 14:34:21 Uhr",""
"Gefahrengrad","Gefahrengrade","","","Stammdaten","degree_of_hazard","8","$plx-degree-of-hazard","Nein","degree-of-hazard","","28.07.2026 14:34:21 Uhr","","28.07.2026 14:34:21 Uhr",""
"Gefahrenklasse","Gefahrenklassen","","","Stammdaten","danger_class","1","$plx-danger-classes","Nein","danger-class","","28.07.2026 14:34:21 Uhr","","28.07.2026 14:34:21 Uhr",""
"Gefahrgutklasse","Gefahrgutklassen","","","Stammdaten","dangerous_goods_class","0","$plx-dangerous-goods-classes","Nein","dangerous-goods-class","","28.07.2026 14:34:21 Uhr","","28.07.2026 14:34:21 Uhr",""
"Gefahrgutklassifizierung","Gefahrgutklassifizierungen","","","Stammdaten","dangerous_goods_classification","3","$plx-dangerous-goods-classifications","Nein","dangerous-goods-classification","","28.07.2026 14:34:21 Uhr","","28.07.2026 14:34:21 Uhr",""
"Gefahrnummer","Gefahrnummern","","","Stammdaten","hazard_identification_number","2","$plx-hazard-identification-numbers","Nein","hazard-identification-number","","28.07.2026 14:34:21 Uhr","","28.07.2026 14:34:21 Uhr",""
"Gefahrrechtliche Grundlage","Gefahrrechtliche Grundlagen","","","Stammdaten","legal_basis_hazards","","api","Nein","legal-basis-hazards","","28.07.2026 14:34:21 Uhr","","28.07.2026 14:34:21 Uhr",""
"Gefahrstoffkennzeichnung","Gefahrstoffkennzeichnungen","","","Stammdaten","ghs_labelling","4","$plx-ghs-labelling","Nein","ghs-labelling","","28.07.2026 14:34:21 Uhr","","28.07.2026 14:34:21 Uhr",""
"Grobrelation","Grobrelationen","","","Stammdaten","coarse_relation","1","mdi-image-filter-center-focus-strong","Nein","coarse-relation","Buchungskreis Tour/Ladung","28.07.2026 14:34:21 Uhr","","28.07.2026 14:34:21 Uhr",""
"Grund (Retouren)","Gründe (Retouren)","","","Stammdaten","return_delivery_reason","","mdi-sticker-text","Nein","return-delivery-reason","Profil (Retoure)","28.07.2026 14:34:21 Uhr","","28.07.2026 14:34:21 Uhr",""
"Gruppe (Abrechnung)","Gruppen (Abrechnung)","","","Stammdaten","billing_group","2","mdi-cash-multiple","Nein","billing-group","Buchungskreis Abrechnung","28.07.2026 14:34:21 Uhr","","28.07.2026 14:34:21 Uhr",""
"Gruppe (Adressaktion)","Gruppen (Adressaktion)","","","Stammdaten","address_group","3","mdi-alpha-a-box-outline","Nein","address-group","Buchungskreis Adressstamm","28.07.2026 14:34:21 Uhr","","28.07.2026 14:34:21 Uhr",""
"Gruppe (Artikelaktion)","Gruppen (Artikelaktion)","","","Stammdaten","action_group_item","6","mdi-alpha-a-box-outline","Nein","action-group-item","Buchungskreis Artikelstamm","28.07.2026 14:34:21 Uhr","","28.07.2026 14:34:21 Uhr",""
"Gruppe (Begrenzer)","Gruppen (Begrenzer)","","","Stammdaten","limiter_group","15","mdi-car-speed-limiter","Nein","limiter-group","Standort","28.07.2026 14:34:21 Uhr","","28.07.2026 14:34:21 Uhr",""
"Gruppe (Freigabe)","Gruppen (Freigabe)","","","Stammdaten","task_release_group","8","mdi-movie-open-settings-outline","Nein","task-release-group","Buchungskreis Vorgang","28.07.2026 14:34:21 Uhr","","28.07.2026 14:34:21 Uhr",""
"Gruppe (Ware)","Gruppen (Ware)","","","Stammdaten","commodity_grouping","5","mdi-numeric-1-box-multiple-outline","Nein","commodity-grouping","Buchungskreis Artikelstamm","28.07.2026 14:34:21 Uhr","","28.07.2026 14:34:21 Uhr",""
"GTIN-Stamm","GTIN-Stämme","","","Stammdaten","gtin_master","1","mdi-animation","Nein","gtin-master","Artikelstamm","28.07.2026 14:34:21 Uhr","","28.07.2026 14:34:21 Uhr",""
"Handling Unit","Handling Units","","","Bewegungsdaten","order_position_handling_unit","5","mdi-package-variant-closed","Nein","order-position-handling-unit","Position","28.07.2026 14:34:21 Uhr","","28.07.2026 14:34:21 Uhr",""
"Handling Unit","Handling Units","","","Bewegungsdaten","allocation_handling_unit","3","mdi-package-variant-closed","Nein","allocation-handling-unit","Zuteilung","28.07.2026 14:34:21 Uhr","","28.07.2026 14:34:21 Uhr",""
"Handling-Unit","Handling-Units","","","Bewegungsdaten","handling_unit","","$plx-handling-units","Ja","handling-unit","","28.07.2026 14:34:21 Uhr","","28.07.2026 14:34:21 Uhr",""
"H-Satz","H-Sätze","","","Stammdaten","h_statements","9","$plx-h-statements","Nein","h-statements","","28.07.2026 14:34:21 Uhr","","28.07.2026 14:34:21 Uhr",""
"HU-Belegungsmuster","HU-Belegungsmuster","","","Stammdaten","occupancy_pattern","2","mdi-axis-arrow","Nein","occupancy-pattern","Profil (Belegungsvaldierung)","28.07.2026 14:34:21 Uhr","","28.07.2026 14:34:21 Uhr",""
"HU-Daten Validierung","HU Daten Validierungen","","","Stammdaten","pack_hu_data_validation","","mdi-eye-check-outline","Nein","pack-hu-data-validation","Profil (Verpackung)","28.07.2026 14:34:21 Uhr","","28.07.2026 14:34:21 Uhr",""
"HU-Gebinde-Zuordnung","HU-Gebinde-Zuordnungen","","","Stammdaten","handling_unit_binding_structure_assignment","0","mdi-shipping-pallet","Nein","handling-unit-binding-structure-assignment","Typ (HU-Suche)","28.07.2026 14:34:21 Uhr","","28.07.2026 14:34:21 Uhr",""
"HU-Höhentyp-Zuordnung","HU-Höhentyp-Zuordnung","","","Stammdaten","handling_unit_height_type_assignment_2","","mdi-arrow-up-down","Nein","handling-unit-height-type-assignment-2","HU-Rekalkulation","28.07.2026 14:34:21 Uhr","","28.07.2026 14:34:21 Uhr",""
"HU-Höhentyp-Zuordnung","HU-Höhentyp-Zuordnung","","","Stammdaten","handling_unit_height_type_assignment","","mdi-arrow-up-down","Nein","handling-unit-height-type-assignment","HU-Gebinde-Zuordnung","28.07.2026 14:34:21 Uhr","","28.07.2026 14:34:21 Uhr",""
"HU-Kalkulation","HU-Kalkulationen","","","Stammdaten","handling_unit_calculation","1","mdi-package-variant-closed","Nein","handling-unit-calculation","Typ (HU-Suche)","28.07.2026 14:34:21 Uhr","","28.07.2026 14:34:21 Uhr",""
"HU-Kalkulation","HU-Kalkulationen","","","Bewegungsdaten","task_handling_unit_calculation","1","mdi-package-variant-closed","Nein","task-handling-unit-calculation","Vorgang","28.07.2026 14:34:21 Uhr","","28.07.2026 14:34:21 Uhr",""
"HU-Optimierung","HU-Optimierungen","","","Stammdaten","handling_unit_optimization","3","mdi-package-variant-closed-check","Nein","handling-unit-optimization","Typ (HU-Suche)","28.07.2026 14:34:21 Uhr","","28.07.2026 14:34:21 Uhr",""
"HU-Rekalkulation","HU-Rekalkulation","","","Stammdaten","handling_unit_calculations","3","mdi-ruler-square-compass","Nein","handling-unit-calculations","Typ (HU-Suche)","28.07.2026 14:34:21 Uhr","","28.07.2026 14:34:21 Uhr",""
"HU-Segmentierungs-Zuordnung","HU-Segmentierungs-Zuordnungen","","","Stammdaten","handling_unit_segmentation_type_assignment","","mdi-rhombus-split-outline","Nein","handling-unit-segmentation-type-assignment","Typ (HU)","28.07.2026 14:34:21 Uhr","","28.07.2026 14:34:21 Uhr",""
"Identifikation","Identifikationen","","","Bewegungsdaten","task_handling_unit_calculation_identification","1","mdi-barcode","Nein","task-handling-unit-calculation-identification","HU-Kalkulation","28.07.2026 14:34:21 Uhr","","28.07.2026 14:34:21 Uhr",""
"Identifikation","Identifikationen","","","Bewegungsdaten","handling_unit_identification","1","mdi-barcode","Nein","handling-unit-identification","Handling-Unit","28.07.2026 14:34:21 Uhr","","28.07.2026 14:34:21 Uhr",""
"Import Bestand","Import Bestände","","","Stammdaten","import_inventories","","$plx-import-inventories","Nein","import-inventories","","28.07.2026 14:34:21 Uhr","","28.07.2026 14:34:21 Uhr",""
"Incoterm","Incoterms","","","Stammdaten","incoterm","","$plx-incoterms","Nein","incoterm","","28.07.2026 14:34:21 Uhr","","28.07.2026 14:34:21 Uhr",""
"Informationsanzeige","Informationsanzeigen","","","Stammdaten","packaging_information_display","","mdi-information-box-outline","Nein","packaging-information-display","Profil (Verpackung)","28.07.2026 14:34:21 Uhr","","28.07.2026 14:34:21 Uhr",""
"Input (Maske)","Input (Maske)","","","Stammdaten","input_mask","1","mdi-hexagon-outline","Nein","input-mask","Basiskonfiguration","28.07.2026 14:34:21 Uhr","","28.07.2026 14:34:21 Uhr",""
"Input (Schablone)","Input (Schablone)","","","Stammdaten","input_template","0","mdi-hexagon-multiple-outline","Nein","input-template","Basiskonfiguration","28.07.2026 14:34:21 Uhr","","28.07.2026 14:34:21 Uhr",""
"Inventur","Inventuren","","","Bewegungsdaten","stocktaking","","$plx-stocktaking","Nein","stocktaking","","28.07.2026 14:34:21 Uhr","","28.07.2026 14:34:21 Uhr",""
"Inventurprofil","Inventurprofile","","","Stammdaten","stocktaking_profile","5","mdi-abacus","Nein","stocktaking-profile","Standort","28.07.2026 14:34:21 Uhr","","28.07.2026 14:34:21 Uhr",""
"Kategorie (Adresse)","Kategorien (Adresse)","","","Stammdaten","address_category","1","mdi-card-account-details-outline","Nein","address-category","Buchungskreis Adressstamm","28.07.2026 14:34:21 Uhr","","28.07.2026 14:34:21 Uhr",""
"Kategorie (Artikel)","Kategorien (Artikel)","","","Stammdaten","item_category","4","mdi-select-group","Nein","item-category","Buchungskreis Artikelstamm","28.07.2026 14:34:21 Uhr","","28.07.2026 14:34:21 Uhr",""
"Kategorie (HU)","Kategorien (HU)","","","Stammdaten","handling_unit_category","0","mdi-select-group","Nein","handling-unit-category","Buchungskreis Handling-Unit","28.07.2026 14:34:21 Uhr","","28.07.2026 14:34:21 Uhr",""
"Kategorie (Ladungsadresse)","Kategorien (Ladungsadresse)","","","Stammdaten","category_freight_address","3","mdi-card-account-details-outline","Nein","category-freight-address","Buchungskreis Tour/Ladung","28.07.2026 14:34:21 Uhr","","28.07.2026 14:34:21 Uhr",""
"Kategorie (Platz)","Kategorien (Platz)","","","Stammdaten","storage_location_category","5","mdi-select-group","Nein","storage-location-category","Buchungskreis Lagertopologie","28.07.2026 14:34:21 Uhr","","28.07.2026 14:34:21 Uhr",""
"Kategorie (Touradresse)","Kategorien (Touradresse)","","","Stammdaten","category_tour_address","4","mdi-card-account-details-outline","Nein","category-tour-address","Buchungskreis Tour/Ladung","28.07.2026 14:34:21 Uhr","","28.07.2026 14:34:21 Uhr",""
"Kategorie (Zolladresse)","Kategorien (Zolladresse)","","","Stammdaten","category_customs_address","7","mdi-card-account-details-outline","Nein","category-customs-address","Buchungskreis Zoll","28.07.2026 14:34:21 Uhr","","28.07.2026 14:34:21 Uhr",""
"Kategorie (Zone)","Kategorien (Zone)","","","Stammdaten","storage_zone_group","2","mdi-dots-grid","Nein","storage-zone-groups","Buchungskreis Lagertopologie","28.07.2026 14:34:21 Uhr","","28.07.2026 14:34:21 Uhr",""
"Klasse (Adresse)","Klassen (Adresse)","","","Stammdaten","address_class","6","mdi-home-city-outline","Nein","address-class","Basiskonfiguration","28.07.2026 14:34:21 Uhr","","28.07.2026 14:34:21 Uhr",""
"Klasse (Anhang)","Klassen (Anhang)","","","Stammdaten","attachment_class","7","mdi-folder-open-outline","Nein","attachment-class","Basiskonfiguration","28.07.2026 14:34:21 Uhr","","28.07.2026 14:34:21 Uhr",""
"Klasse (Auftrag)","Klassen (Auftrag)","","","Stammdaten","order_class","8","dvr","Nein","order-class","Basiskonfiguration","28.07.2026 14:34:21 Uhr","","28.07.2026 14:34:21 Uhr",""
"Klasse (Auftragswelle)","Klassen (Auftragswelle)","","","Stammdaten","order_wave_class","9","mdi-waves","Nein","order-wave-class","Basiskonfiguration","28.07.2026 14:34:21 Uhr","","28.07.2026 14:34:21 Uhr",""
"Klasse (Fracht)","Klassen (Fracht)","","","Stammdaten","freight_class","10","mdi-plane-train","Nein","freight-class","Basiskonfiguration","28.07.2026 14:34:21 Uhr","","28.07.2026 14:34:21 Uhr",""
"Klasse (HU)","Klassen (HU)","","","Stammdaten","handling_unit_class","11","mdi-package-variant-closed","Nein","handling-unit-class","Basiskonfiguration","28.07.2026 14:34:21 Uhr","","28.07.2026 14:34:21 Uhr",""
"Klasse (Identifikator)","Klasse (Identifikatoren)","","","Stammdaten","identifications","","build","Nein","identifications","Basiskonfiguration","28.07.2026 14:34:21 Uhr","","28.07.2026 14:34:21 Uhr",""
"Klasse (Platz)","Klassen (Platz)","","","Stammdaten","storage_location_class","12","mdi-map-marker-circle","Nein","storage-location-class","Basiskonfiguration","28.07.2026 14:34:21 Uhr","","28.07.2026 14:34:21 Uhr",""
"Klasse (Ressource)","Klassen (Ressource)","","","Stammdaten","resource_class","13","mdi-table-furniture","Nein","resource-class","Basiskonfiguration","28.07.2026 14:34:21 Uhr","","28.07.2026 14:34:21 Uhr",""
"Klasse (VAS)","Klassen (VAS)","","","Stammdaten","vas_class","14","mdi-shape-plus","Nein","vas-class","Basiskonfiguration","28.07.2026 14:34:21 Uhr","","28.07.2026 14:34:21 Uhr",""
"Klasse (Vorgang)","Klassen (Vorgang)","","","Stammdaten","task_class","16","multiple_stop","Nein","task-class","Basiskonfiguration","28.07.2026 14:34:21 Uhr","","28.07.2026 14:34:21 Uhr",""
"Klasse (Vorgangsbuchung)","Klassen (Vorgangsbuchung)","","","Stammdaten","task_booking_class","15","multiple_stop","Nein","task-booking-class","Basiskonfiguration","28.07.2026 14:34:21 Uhr","","28.07.2026 14:34:21 Uhr",""
"Klasse (Vorgangsposition)","Klassen (Vorgangsposition)","","","Stammdaten","task_position_class","17","read_more","Nein","task-position-class","Basiskonfiguration","28.07.2026 14:34:21 Uhr","","28.07.2026 14:34:21 Uhr",""
"Klasse (Zone)","Klassen (Zone)","","","Stammdaten","storage_zone_class","18","mdi-land-plots","Nein","storage-zone-class","Basiskonfiguration","28.07.2026 14:34:21 Uhr","","28.07.2026 14:34:21 Uhr",""
"Klasse (Zuteilung)","Klassen (Zuteilung)","","","Stammdaten","allocation_class","19","mdi-link","Nein","allocation-class","Basiskonfiguration","28.07.2026 14:34:21 Uhr","","28.07.2026 14:34:21 Uhr",""
"Klassifizierungscode","Klassifizierungscodes","","","Stammdaten","hazard_classification_code","11","$plx-classification-codes","Nein","hazard-classification-code","","28.07.2026 14:34:21 Uhr","","28.07.2026 14:34:21 Uhr",""
"Konsignationsbuchung","Konsignationsbuchungen","","","Stammdaten","consignment_booking","3","mdi-stack-overflow","Nein","consignment-booking","Artikelstamm","28.07.2026 14:34:21 Uhr","","28.07.2026 14:34:21 Uhr",""
"Kontaktperson","Kontaktpersonen","","","Stammdaten","contact_person","","mdi-human-queue","Nein","contact-person","Adressestamm","28.07.2026 14:34:21 Uhr","","28.07.2026 14:34:21 Uhr",""
"Kontobuchung","Kontobuchungen","","","Bewegungsdaten","9283_dufhhf","","mdi-account-convert","Nein","","","28.07.2026 14:34:21 Uhr","","28.07.2026 14:34:21 Uhr",""
"Konvertierungseintrag","Konvertierungseinträge","","","Stammdaten","converter_entry","","mdi-dip-switch","Nein","converter-entry","Profil (REST-API)","28.07.2026 14:34:21 Uhr","","28.07.2026 14:34:21 Uhr",""
"Kostenstelle (Abrechnung)","Kostenstellen (Abrechnung)","","","Stammdaten","cost_centre","3","mdi-account-cash","Nein","cost-centre","Buchungskreis Abrechnung","28.07.2026 14:34:21 Uhr","","28.07.2026 14:34:21 Uhr",""
"Ladeliste","Ladeliste","","","Bewegungsdaten","loading_plan","1","mdi-truck-delivery","Nein","loading-plan","Ladung","28.07.2026 14:34:21 Uhr","","28.07.2026 14:34:21 Uhr",""
"Ladeziel","Ladeziele","","","Bewegungsdaten","freight_target","2","mdi-truck-check","Nein","freight-target","Ladung","28.07.2026 14:34:21 Uhr","","28.07.2026 14:34:21 Uhr",""
"Ladung","Ladungen","","","Bewegungsdaten","freight","","$plx-freights","Nein","freight","","28.07.2026 14:34:21 Uhr","","28.07.2026 14:34:21 Uhr",""
"Lagerklasse","Lagerklassen","","","Stammdaten","hazard_storage_class","12","$plx-hazard-storage-classes","Nein","hazard-storage-class","","28.07.2026 14:34:21 Uhr","","28.07.2026 14:34:21 Uhr",""
"Länderkennzeichen","Länderkennzeichen","","","Stammdaten","country_code","","$plx-country-codes","Nein","country-code","","28.07.2026 14:34:21 Uhr","","28.07.2026 14:34:21 Uhr",""
"Layout (Artikeletikett)","Layouts (Artikeletikett)","","","Stammdaten","print_layout_item","13","mdi-barcode","Nein","print-layout-item","Buchungskreis Artikelstamm","28.07.2026 14:34:21 Uhr","","28.07.2026 14:34:21 Uhr",""
"Layout (Auftragsbeleg)","Layouts (Auftragsbeleg)","","","Stammdaten","print_layout_order_note","22","mdi-note-text-outline","Nein","print-layout-order-note","Buchungskreis Auftrag","28.07.2026 14:34:21 Uhr","","28.07.2026 14:34:21 Uhr",""
"Layout (HU-Beleg)","Layouts (HU-Beleg)","","","Stammdaten","print_layout_handling_unit","8","mdi-note-text","Nein","print-layout-handling-unit","Buchungskreis Handling-Unit","28.07.2026 14:34:21 Uhr","","28.07.2026 14:34:21 Uhr",""
"Layout (Inventurbeleg)","Layouts (Inventurbeleg)","","","Stammdaten","layout_stock_taking","","mdi-note-text","Nein","layout-stock-taking","Standort","28.07.2026 14:34:21 Uhr","","28.07.2026 14:34:21 Uhr",""
"Layout (Ladung)","Layouts (Ladung)","","","Stammdaten","print_layout_freight","7","mdi-note-text","Nein","print-layout-freight","Buchungskreis Tour/Ladung","28.07.2026 14:34:21 Uhr","","28.07.2026 14:34:21 Uhr",""
"Layout (Platz-/Ressourcenetikett)","Layouts (Platz-/Ressourcenetikett)","","","Stammdaten","print_layout_location","16","mdi-barcode","Nein","print-layout-location","Buchungskreis Lagertopologie","28.07.2026 14:34:21 Uhr","","28.07.2026 14:34:21 Uhr",""
"Layout (Tourbeleg)","Layouts (Tourbeleg)","","","Stammdaten","print_layout_tour","","mdi-note-text-outline","Nein","print-layout-tour","Buchungskreis Auftrag","28.07.2026 14:34:21 Uhr","","28.07.2026 14:34:21 Uhr",""
"Layout (Vorgangsbeleg)","Layouts (Vorgangsbeleg)","","","Stammdaten","print_layout_task_document","12","mdi-note-text","Nein","print-layout-task-document","Buchungskreis Vorgang","28.07.2026 14:34:21 Uhr","","28.07.2026 14:34:21 Uhr",""
"Logik (Adressvalidierung)","Logiken (Adressvalidierung)","","","Stammdaten","32b82c","","mdi-eye-check-outline","Nein","","Basiskonfiguration","28.07.2026 14:34:21 Uhr","","28.07.2026 14:34:21 Uhr",""
"Logik (Auftragsabgleich)","Logiken (Auftragsabgleich)","","","Stammdaten","order_reconciliation_logics","20","mdi-not-equal-variant","Nein","order-reconciliation-logics","Basiskonfiguration","28.07.2026 14:34:21 Uhr","","28.07.2026 14:34:21 Uhr",""
"Logik (Auftragssortierung)","Logiken (Auftragssortierung)","","","Stammdaten","order_sorting_logic","21","mdi-sort","Nein","order-sorting-logic","Basiskonfiguration","28.07.2026 14:34:21 Uhr","","28.07.2026 14:34:21 Uhr",""
"Logik (HU)","Logiken (HU)","","","Stammdaten","handling_unit_finding_logic","23","mdi-sort","Nein","handling-unit-finding-logic","Basiskonfiguration","28.07.2026 14:34:21 Uhr","","28.07.2026 14:34:21 Uhr",""
"Logik (Lokation)","Logiken (Lokation)","","","Stammdaten","locating_search_logic","24","mdi-sort","Nein","locating-search-logic","Basiskonfiguration","28.07.2026 14:34:21 Uhr","","28.07.2026 14:34:21 Uhr",""
"Logik (Reservierung)","Logiken (Reservierung)","","","Stammdaten","reservation_logic","25","mdi-sort","Nein","reservation-logic","Basiskonfiguration","28.07.2026 14:34:21 Uhr","","28.07.2026 14:34:21 Uhr",""
"Logik (Vorgangspositionssortierung)","Logiken (Vorgangspositionssortierung)","","","Stammdaten","logic_task_position_sorting","","mdi-sort","Nein","logic-task-position-sorting","Basiskonfiguration","28.07.2026 14:34:21 Uhr","","28.07.2026 14:34:21 Uhr",""
"Logik (Vorgangssortierung)","Logiken (Vorgangssortierung)","","","Stammdaten","task_sorting_logic","22","mdi-sort","Nein","task-sorting_logic","Basiskonfiguration","28.07.2026 14:34:21 Uhr","","28.07.2026 14:34:21 Uhr",""
"Lokationsoptimierung (Defragmentieren)","Lokationsoptimierungen (Defragmentieren)","","","Stammdaten","location_reorg_strategy_defragmentation","20","mdi-arrow-collapse-all","Nein","location-reorg-strategy-defragmentation","Standort","28.07.2026 14:34:21 Uhr","","28.07.2026 14:34:21 Uhr",""
"Lokationsoptimierung (Quant-Verdichtung)","Lokationsoptimierungen (Quant-Verdichtung)","","","Stammdaten","location_reorg_strategy_compact_hu","21","mdi-set-merge","Nein","location-reorg-strategy-compact-hu","Standort","28.07.2026 14:34:21 Uhr","","28.07.2026 14:34:21 Uhr",""
"Lokationsoptimierung (Räumen)","Lokationsoptimierungen (Räumen)","","","Stammdaten","location_reorg_strategy_clean_up","19","mdi-arrow-expand-all","Nein","location-reorg-strategy-clean-up","Standort","28.07.2026 14:34:21 Uhr","","28.07.2026 14:34:21 Uhr",""
"Lokationsoptimierung (Zuschütten)","Lokationsoptimierungen (Zuschütten)","","","Stammdaten","location_optimization_backfilling","18","mdi-tray-arrow-down","Nein","location-optimization-backfilling","Standort","28.07.2026 14:34:21 Uhr","","28.07.2026 14:34:21 Uhr",""
"Lokationssperre","Lokationssperre","","","Stammdaten","location_lock","12","mdi-garage-lock","Nein","location-lock","Buchungskreis Lagertopologie","28.07.2026 14:34:21 Uhr","","28.07.2026 14:34:21 Uhr",""
"Lokationssuche","Lokationssuchen","","","Stammdaten","locating_search","2","mdi-map-search-outline","Nein","locating-search","Standort","28.07.2026 14:34:21 Uhr","","28.07.2026 14:34:21 Uhr",""
"Mandant","Mandanten","","","Stammdaten","client","","$plx-clients","Nein","client","","28.07.2026 14:34:21 Uhr","","28.07.2026 14:34:21 Uhr",""
"Matrix (Auftrag)","Matrix (Auftrag)","","","Stammdaten","order_matrix","2","mdi-table-filter","Nein","order-matrix","Buchungskreis Auftrag","28.07.2026 14:34:21 Uhr","","28.07.2026 14:34:21 Uhr",""
"Matrix (Auftragsposition)","Matrix (Auftragsposition)","","","Stammdaten","order_position_matrix","6","mdi-table-filter","Nein","order-position-matrix","Buchungskreis Auftrag","28.07.2026 14:34:21 Uhr","","28.07.2026 14:34:21 Uhr",""
"Matrix (HU-Master)","Matrix (HU-Master)","","","Stammdaten","hu_master_matrix","6","mdi-table-filter","Nein","hu-master-matrix","Buchungskreis Handling-Unit","28.07.2026 14:34:21 Uhr","","28.07.2026 14:34:21 Uhr",""
"Matrix (Korrektur)","Matrix (Korrektur)","","","Stammdaten","correction_matrix","","mdi-table-filter","Nein","correction-matrix","Buchungskreis Vorgang","28.07.2026 14:34:21 Uhr","","31.07.2026 11:50:00 Uhr","Jonathan Schummer"
"Matrix (Prüfplan)","Matrix (Prüfplan)","","","Stammdaten","ac35ea","19","mdi-table-filter","Nein","","Buchungskreis Auftrag","28.07.2026 14:34:21 Uhr","","28.07.2026 14:34:21 Uhr",""
"Matrix (Text)","Matrix (Text)","","","Stammdaten","text_matrix","14","mdi-table-filter","Nein","text-matrix","Buchungskreis Auftrag","28.07.2026 14:34:21 Uhr","","28.07.2026 14:34:21 Uhr",""
"Matrix (VAS)","Matrix (VAS)","","","Stammdaten","vas_matrix","17","mdi-table-filter","Nein","vas-matrix","Buchungskreis Auftrag","28.07.2026 14:34:21 Uhr","","28.07.2026 14:34:21 Uhr",""
"Matrix (Vorgang)","Matrix (Vorgang)","","","Stammdaten","task_matrix","1","mdi-table-filter","Nein","task-matrix","Buchungskreis Vorgang","28.07.2026 14:34:21 Uhr","","28.07.2026 14:34:21 Uhr",""
"Matrix (Wirtschaftszone)","Matrix (Wirtschaftszone)","","","Stammdaten","matrix_economic_zone","0","mdi-table-filter","Nein","matrix-economic-zone","Buchungskreis Zoll","28.07.2026 14:34:21 Uhr","","28.07.2026 14:34:21 Uhr",""
"Matrix (Zollverfahren)","Matrix (Zollverfahren)","","","Stammdaten","matrix_customs_procedure","2","mdi-table-filter","Nein","matrix-customs-procedure","Buchungskreis Zoll","28.07.2026 14:34:21 Uhr","","28.07.2026 14:34:21 Uhr",""
"Meldung","Meldungen","","","Bewegungsdaten","26bdf3","","mdi-bell-ring-outline","Nein","","Handling-Unit","28.07.2026 14:34:21 Uhr","","28.07.2026 14:34:21 Uhr",""
"Modifikationgrund (Bestandsart)","Modifikationgründe (Bestandsart)","","","Stammdaten","modification_cause","","mdi-tooltip-text","Nein","modification-cause","Art (Bestand)","28.07.2026 14:34:21 Uhr","","28.07.2026 14:34:21 Uhr",""
"Modifikationsgrund (Auftrag)","Modifikationsgründe (Auftrag)","","","Stammdaten","modification_reason","24","mdi-tooltip-text-outline","Nein","modification-reason","Buchungskreis Auftrag","28.07.2026 14:34:21 Uhr","","28.07.2026 14:34:21 Uhr",""
"Modifikationsgrund (Quant)","Modifikationsgründe (Quant)","","","Stammdaten","modification_reason_quant","9","mdi-tooltip","Nein","modification-reason-quant","Buchungskreis Artikelstamm","28.07.2026 14:34:21 Uhr","","28.07.2026 14:34:21 Uhr",""
"Modifikationsgrund (Tour)","Modifikationsgründe (Tour)","","","Stammdaten","modification_reason_tour","","mdi-tooltip-text","Nein","modification-reason-tour","Profil (Tour)","28.07.2026 14:34:21 Uhr","","14.08.2026 12:55:57 Uhr","Shashank Dixit"
"Optimierungseintrag","Optimierungseinträge","","","Stammdaten","695949","","mdi-format-list-numbered","Nein","","Lokationsoptimierung (Zuschütten)","28.07.2026 14:34:21 Uhr","","28.07.2026 14:34:21 Uhr",""
"Output","Outputs","","","Stammdaten","vas_matrix_output","","mdi-download-multiple","Nein","vas-matrix-output","Matrix (VAS)","28.07.2026 14:34:21 Uhr","","28.07.2026 14:34:21 Uhr",""
"Output","Outputs","","","Stammdaten","text_matrix_output","","mdi-download-multiple","Nein","text-matrix-output","Matrix (Text)","28.07.2026 14:34:21 Uhr","","28.07.2026 14:34:21 Uhr",""
"Packschemastruktur","Packschemastrukturen","","","Stammdaten","packing_schema_structure","","mdi-table-of-contents","Nein","packing-schema-structure","Profil (Packschema)","28.07.2026 14:34:21 Uhr","","28.07.2026 14:34:21 Uhr",""
"Partnerkonto","Partnerkonten","","","Stammdaten","9a3fe3","1","mdi-scale-balance","Nein","","Buchungskreis Lademittelkonto","28.07.2026 14:34:21 Uhr","","28.07.2026 14:34:21 Uhr",""
"Plan-Soll-Gebinde","Plan-Soll-Gebinde","","","Bewegungsdaten","planned_bundling_units","","mdi-tray","Nein","planned-bundling-units","Auftrag","28.07.2026 14:34:21 Uhr","","28.07.2026 14:34:21 Uhr",""
"Platz","Plätze","","","Stammdaten","storage_location","0","mdi-map-marker-circle","Nein","storage-location","Zone","28.07.2026 14:34:21 Uhr","","28.07.2026 14:34:21 Uhr",""
"Platzclusterüberlauf","Platzclusterüberläufe","","","Stammdaten","storage_location_sort_overflow","","mdi-arrange-bring-forward","Nein","storage-location-sort-overflow","Zonierung","28.07.2026 14:34:21 Uhr","","28.07.2026 14:34:21 Uhr",""
"Platz-/ Zonencluster","Platz-/ Zonencluster","","","Stammdaten","task_evaluation_location_cluster","6","mdi-arrange-bring-forward","Nein","task-evaluation-location-cluster","Vorgangseinstufung II","28.07.2026 14:34:21 Uhr","","28.07.2026 14:34:21 Uhr",""
"Pool (Auftrag)","Pool (Auftrag)","","","Stammdaten","order_pool","4","mdi-atom-variant","Nein","order-pool","Buchungskreis Auftrag","28.07.2026 14:34:21 Uhr","","28.07.2026 14:34:21 Uhr",""
"Pool (Vorgang)","Pool (Vorgang)","","","Stammdaten","task_pool","3","mdi-atom-variant","Nein","task-pool","Buchungskreis Vorgang","28.07.2026 14:34:21 Uhr","","28.07.2026 14:34:21 Uhr",""
"Position","Positionen","","","Bewegungsdaten","handling_unit_position","0","mdi-table-of-contents","Nein","handling-unit-position","Handling-Unit","28.07.2026 14:34:21 Uhr","","28.07.2026 14:34:21 Uhr",""
"Position","Positionen","","","Bewegungsdaten","task_handling_unit_calculation_position","0","mdi-table-of-contents","Nein","task-handling-unit-calculation-position","HU-Kalkulation","28.07.2026 14:34:21 Uhr","","28.07.2026 14:34:21 Uhr",""
"Position","Positionen","","","Bewegungsdaten","stocktaking_receipt_position","","mdi-table-of-contents","Nein","stocktaking-receipt-position","Beleg","28.07.2026 14:34:21 Uhr","","28.07.2026 14:34:21 Uhr",""
"Position","Positionen","","","Stammdaten","82d7f4","","mdi-table-of-contents","Nein","","Stamm (Prüfplan)","28.07.2026 14:34:21 Uhr","","28.07.2026 14:34:21 Uhr",""
"Position","Positionen","","","Bewegungsdaten","task_position","0","mdi-table-of-contents","Nein","task-position","Vorgang","28.07.2026 14:34:21 Uhr","","28.07.2026 14:34:21 Uhr",""
"Position","Positionen","","","Bewegungsdaten","order_position","0","mdi-table-of-contents","Nein","order-position","Auftrag","28.07.2026 14:34:21 Uhr","","28.07.2026 14:34:21 Uhr",""
"Produktprobe","Prüf-Lose (AP)","","","Bewegungsdaten","24174c","2","mdi-format-list-checkbox","Nein","","","28.07.2026 14:34:21 Uhr","","28.07.2026 14:34:21 Uhr",""
"Profil (Abrechnung)","Profile (Abrechnung)","","","Stammdaten","billing_profile","1","mdi-cash-fast","Nein","billing-profile","Buchungskreis Abrechnung","28.07.2026 14:34:21 Uhr","","28.07.2026 14:34:21 Uhr",""
"Profil (Auftragsabschluss)","Profile (Auftragsabschluss)","","","Stammdaten","order_closing_profile","","mdi-check-network-outline","Nein","order-closing-profile","Buchungskreis Auftrag","28.07.2026 14:34:21 Uhr","","28.07.2026 14:34:21 Uhr",""
"Profil (Auftragskalkulation)","Profile (Auftragskalkulation)","","","Stammdaten","order_calculation_profile","20","mdi-calculator","Nein","order-calculation-profile","Buchungskreis Auftrag","28.07.2026 14:34:21 Uhr","","28.07.2026 14:34:21 Uhr",""
"Profil (Auftragsvalidierung)","Profile (Auftragsvalidierung)","","","Stammdaten","order_profile_validation","21","mdi-eye-check-outline","Nein","order-profile-validation","Buchungskreis Auftrag","28.07.2026 14:34:21 Uhr","","28.07.2026 14:34:21 Uhr",""
"Profil (Belegungsvaldierung)","Profile (Belegungsvaldierung)","","","Stammdaten","occupancy_validation_profile","14","view_quilt","Nein","occupancy-validation-profile","Buchungskreis Lagertopologie","28.07.2026 14:34:21 Uhr","","28.07.2026 14:34:21 Uhr",""
"Profil (Benachrichtigung)","Profile (Benachrichtigung)","","Einstellungen für den Versand von Benachrichtungen.","Stammdaten","d4cd31","","mdi-email-sync-outline","Nein","","Buchungskreis Auftrag","28.07.2026 14:34:21 Uhr","","28.07.2026 14:34:21 Uhr",""
"Profil (Beschränkungen)","Profile (Beschränkung)","","","Stammdaten","e77ebb","3","mdi-cancel","Nein","","Buchungskreis Disposition","28.07.2026 14:34:21 Uhr","","28.07.2026 14:34:21 Uhr",""
"Profil (Bestandsarten)","Profile (Bestandsarten)","","","Stammdaten","stock_qualification_profile","8","mdi-tag-multiple-outline","Nein","stock-qualification-profile","Buchungskreis Artikelstamm","28.07.2026 14:34:21 Uhr","","28.07.2026 14:34:21 Uhr",""
"Profil (Bestandsmerkmal)","Profile (Bestandsmerkmal)","","","Stammdaten","stock_characteristic_profile","3","mdi-fingerprint","Nein","stock-characteristic-profile","Buchungskreis Artikelstamm","28.07.2026 14:34:21 Uhr","","28.07.2026 14:34:21 Uhr",""
"Profil (Bestandsrestriktionen)","Profile (Bestandsrestriktionen)","","","Stammdaten","stock_restriction","15","mdi-nuke","Nein","stock-restriction","Buchungskreis Lagertopologie","28.07.2026 14:34:21 Uhr","","28.07.2026 14:34:21 Uhr",""
"Profil (Freigabe)","Profile (Freigabe)","","","Stammdaten","task_release_profile","7","mdi-movie-open-check-outline","Nein","task-release-profile","Buchungskreis Vorgang","28.07.2026 14:34:21 Uhr","","28.07.2026 14:34:21 Uhr",""
"Profil (Gefahrenprüfung)","Profile (Gefahrenprüfung)","","","Stammdaten","e516ec","","","Nein","","Buchungskreis Artikelstamm","28.07.2026 14:34:21 Uhr","","28.07.2026 14:34:21 Uhr",""
"Profil (GS1)","Profile (GS1)","","","Stammdaten","application_identifier_profile","5","mdi-identifier","Nein","application-identifier-profile","Buchungskreis Adressstamm","28.07.2026 14:34:21 Uhr","","28.07.2026 14:34:21 Uhr",""
"Profil (HU-Master)","Profile (HU-Master)","","","Stammdaten","hu_master_profile","7","mdi-layers-triple","Nein","hu-master-profile","Buchungskreis Handling-Unit","28.07.2026 14:34:21 Uhr","","28.07.2026 14:34:21 Uhr",""
"Profil (Kommissionierung)","Profile (Kommissionierung)","","","Stammdaten","picking_profile","","mdi-cart-variant","Nein","picking-profile","Buchungskreis Auftrag","28.07.2026 14:34:21 Uhr","","04.09.2026 08:38:21 Uhr","Jonathan Schummer"
"Profil (Konsoplatzbelegung)","Profile (Konsoplatzbelegung)","","","Stammdaten","profile_conso_location_allocation","","mdi-arrow-collapse-all","Nein","conso-location-allocation","Buchungskreis Lagertopologie","28.07.2026 14:34:21 Uhr","","28.07.2026 14:34:21 Uhr",""
"Profil (Korrektur)","Profile (Korrektur)","","","Stammdaten","correction_profile","11","mdi-alert-circle-check-outline","Nein","correction-profile","Buchungskreis Vorgang","28.07.2026 14:34:21 Uhr","","28.07.2026 14:34:21 Uhr",""
"Profil (Ladung)","Profile (Ladung)","","","Stammdaten","freight_profile","0","mdi-truck-cargo-container","Ja","freight-profile","Buchungskreis Tour/Ladung","28.07.2026 14:34:21 Uhr","","28.07.2026 14:34:21 Uhr",""
"Profil (Ladungskalkulation)","Profile (Ladungskalkulation)","","","Stammdaten","freight_calculation_profile","5","mdi-calculator","Nein","freight-calculation-profile","Buchungskreis Tour/Ladung","28.07.2026 14:34:21 Uhr","","28.07.2026 14:34:21 Uhr",""
"Profil (Packschema)","Profile (Packschema)","","","Stammdaten","packing_schema","10","mdi-package","Nein","packing-schema","Buchungskreis Artikelstamm","28.07.2026 14:34:21 Uhr","","28.07.2026 14:34:21 Uhr",""
"Profil Pflichtdokument (Unternehmer)","Profile Pflichtdokumente (Unternehmer)","","","Stammdaten","profile_mandatory_documents_transport_operator","7","mdi-file-document-alert-outline","Nein","profile-mandatory-documents-transport-operator","Buchungskreis Disposition","28.07.2026 14:34:21 Uhr","","28.07.2026 14:34:21 Uhr",""
"Profil (Prioritätsoptimierung)","Profile (Prioritätsoptimierung)","","","Stammdaten","45ddf3","9","mdi-priority-high","Nein","","Buchungskreis Vorgang","28.07.2026 14:34:21 Uhr","","28.07.2026 14:34:21 Uhr",""
"Profil (Produktion)","Profile (Produktion)","","","Stammdaten","production_profile","","$plx-production","Nein","production-profile","Buchungskreis Auftrag","28.07.2026 14:34:21 Uhr","","05.08.2026 08:09:58 Uhr","Peter Mürtz"
"Profil (Quant-Gruppierung)","Profile (Quant-Gruppierung)","","","Stammdaten","stock_quant_grouping","25","mdi-ticket-confirmation","Nein","stock-quant-grouping","Buchungskreis Auftrag","28.07.2026 14:34:21 Uhr","","28.07.2026 14:34:21 Uhr",""
"Profil (Quant-Verdichtung)","Profile (Quant-Verdichtung)","","","Stammdaten","stock_quant_compression","13","mdi-ticket-confirmation-outline","Nein","stock-quant-compression","Buchungskreis Lagertopologie","28.07.2026 14:34:21 Uhr","","28.07.2026 14:34:21 Uhr",""
"Profil (REST-API)","Profile (REST-API)","","","Stammdaten","converter_profile","5","mdi-api","Nein","converter-profile","Mandant","28.07.2026 14:34:21 Uhr","","28.07.2026 14:34:21 Uhr",""
"Profil (Retoure)","Profile (Retoure)","","","Stammdaten","return_delivery_profile","10","mdi-arrow-u-down-right","Nein","return-delivery-profile","Buchungskreis Auftrag","28.07.2026 14:34:21 Uhr","","28.07.2026 14:34:21 Uhr",""
"Profil (Sammelliste)","Profil (Sammellisten)","","","Stammdaten","profile_batch","","list","Nein","profile-batch","Buchungskreis Vorgang","28.07.2026 14:34:21 Uhr","","29.07.2026 13:42:54 Uhr","Bente Wittern"
"Profil (Sendung)","Profile (Sendung)","","","Stammdaten","shipment_sub_type","8","mdi-dolly","Nein","shipment-sub-type","Buchungskreis Auftrag","28.07.2026 14:34:21 Uhr","","28.07.2026 14:34:21 Uhr",""
"Profil (Seriennummer)","Profile (Seriennummer)","","","Stammdaten","profile_serial_number","11","mdi-key","Nein","profile-serial-number","Buchungskreis Artikelstamm","28.07.2026 14:34:21 Uhr","","28.07.2026 14:34:21 Uhr",""
"Profil (Tour)","Profile (Tour)","","","Stammdaten","tour_sub_type","9","departure_board","Nein","tour-sub-type","Buchungskreis Auftrag","28.07.2026 14:34:21 Uhr","","28.07.2026 14:34:21 Uhr",""
"Profil (Tourkalkulation)","Profile (Tourkalkulation)","","","Stammdaten","tour_calculation_profile","6","mdi-calculator","Nein","tour-calculation-profile","Buchungskreis Tour/Ladung","28.07.2026 14:34:21 Uhr","","28.07.2026 14:34:21 Uhr",""
"Profil (TransportCart)","Profil (TransportCarts)","","","Stammdaten","transport_carts_profile","6","mdi-dolly","Nein","transport-carts-profile","Standort","28.07.2026 14:34:21 Uhr","","28.07.2026 14:34:21 Uhr",""
"Profil (Transportcartbelegung)","Profile (Transportcartbelegung)","","","Stammdaten","transport_carts_allocation_profile","","mdi-cart-arrow-down","Nein","transport-carts-allocation-profile","Standort","28.07.2026 14:34:21 Uhr","","28.07.2026 14:34:21 Uhr",""
"Profil (Umpacken)","Profile (Umpacken)","","","Stammdaten","repacking_profile","","mdi-window-closed-variant","Nein","repacking-profile","Buchungskreis Lagertopologie","28.07.2026 14:34:21 Uhr","","28.07.2026 14:34:21 Uhr",""
"Profil (Verpackung)","Profile (Verpackung)","","","Stammdaten","packaging_profile","","mdi-package-variant","Nein","packaging-profile","Buchungskreis Auftrag","28.07.2026 14:34:21 Uhr","","28.07.2026 14:34:21 Uhr",""
"Profil (Verpackungsstruktur)","Profile (Verpackungsstruktur)","","","Stammdaten","44b501","17","grading","Nein","","Standort","28.07.2026 14:34:21 Uhr","","28.07.2026 14:34:21 Uhr",""
"Profil (Verteiler)","Profile (Verteiler)","","","Stammdaten","distribution_profile","16","mdi-distribute-horizontal-center","Nein","distribution-profile","Standort","28.07.2026 14:34:21 Uhr","","28.07.2026 14:34:21 Uhr",""
"Profil (Vorgang)","Profile (Vorgang)","","","Stammdaten","task_profile","6","multiple_stop","Nein","task-profile","Buchungskreis Vorgang","28.07.2026 14:34:21 Uhr","","28.07.2026 14:34:21 Uhr",""
"Profil (Waage)","Profile (Waagen)","","","Stammdaten","scale_profile","","mdi-scale","Nein","scale-profile","Standort","28.07.2026 14:34:21 Uhr","","28.07.2026 14:34:21 Uhr",""
"Profil (Wareneingang)","Profile (Wareneingang)","","","Stammdaten","7d86b5","","$plx-movement-inbound","Nein","","Buchungskreis Auftrag","28.07.2026 14:34:21 Uhr","","28.07.2026 14:34:21 Uhr",""
"Profil (Welle)","Profile (Welle)","","","Stammdaten","order_wave_sub_type","0","mdi-waves","Nein","order-wave-sub-type","Buchungskreis Auftragswelle","28.07.2026 14:34:21 Uhr","","28.07.2026 14:34:21 Uhr",""
"Profil (Zollabwicklung)","Profile (Zollabwicklung)","","","Stammdaten","customs_processing_profile","4","mdi-shield-key-outline","Nein","customs-processing-profile","Buchungskreis Zoll","28.07.2026 14:34:21 Uhr","","28.07.2026 14:34:21 Uhr",""
"Profil (Zollbescheid)","Profile (Zollbescheid)","","","Stammdaten","customs_notice_profile","6","mdi-shield-search","Nein","customs-notice-profile","Buchungskreis Zoll","28.07.2026 14:34:21 Uhr","","28.07.2026 14:34:21 Uhr",""
"Profil (Zollstatus)","Profile (Zollstatus)","","","Stammdaten","customs_status_profile","5","mdi-security","Nein","customs-status-profile","Buchungskreis Zoll","28.07.2026 14:34:21 Uhr","","28.07.2026 14:34:21 Uhr",""
"Profil (Zollverfahren)","Profile (Zollverfahren)","","","Stammdaten","customs_procedure_profile","3","mdi-boom-gate-outline","Nein","customs-procedure-profile","Buchungskreis Zoll","28.07.2026 14:34:21 Uhr","","28.07.2026 14:34:21 Uhr",""
"P-Satz","P-Sätze","","","Stammdaten","p_statements","10","$plx-p-statements","Nein","p-statements","","28.07.2026 14:34:21 Uhr","","28.07.2026 14:34:21 Uhr",""
"Quant","Quanten","","","Bewegungsdaten","stock_quant","","$plx-quants","Nein","stock-quant","","28.07.2026 14:34:21 Uhr","","28.07.2026 14:34:21 Uhr",""
"Rahmentour","Rahmentouren","","","Stammdaten","tour_frame","2","mdi-transit-detour","Nein","tour-frame","Buchungskreis Tour/Ladung","28.07.2026 14:34:21 Uhr","","28.07.2026 14:34:21 Uhr",""
"Referenz","Referenzen","","","Bewegungsdaten","stocktaking_receipt_reference","","mdi-clipboard-text-clock-outline","Nein","stocktaking-receipt-reference","Beleg","28.07.2026 14:34:21 Uhr","","28.07.2026 14:34:21 Uhr",""
"Referenz","Referenzen","","","Bewegungsdaten","handling_unit_reference","3","mdi-clipboard-text-clock-outline","Nein","handling-unit-reference","Handling-Unit","28.07.2026 14:34:21 Uhr","","28.07.2026 14:34:21 Uhr",""
"Referenz","Referenzen","","","Bewegungsdaten","order_position_reference","0","mdi-clipboard-text-clock-outline","Nein","order-position-reference","Position","28.07.2026 14:34:21 Uhr","","28.07.2026 14:34:21 Uhr",""
"Referenz","Referenzen","","","Bewegungsdaten","freight_reference","4","mdi-clipboard-text-clock-outline","Nein","freight-reference","Ladung","28.07.2026 14:34:21 Uhr","","28.07.2026 14:34:21 Uhr",""
"Referenz","Referenzen","","","Bewegungsdaten","task_position_reference","2","mdi-clipboard-text-clock-outline","Nein","task-position-reference","Position","28.07.2026 14:34:21 Uhr","","28.07.2026 14:34:21 Uhr",""
"Referenz","Referenzen","","","Bewegungsdaten","task_reference","3","mdi-clipboard-text-clock-outline","Nein","task-reference","Vorgang","28.07.2026 14:34:21 Uhr","","28.07.2026 14:34:21 Uhr",""
"Referenz","Referenzen","","","Bewegungsdaten","billing_reference","","mdi-clipboard-text-clock-outline","Nein","billing-reference","Abrechnungsprotokoll","28.07.2026 14:34:21 Uhr","","28.07.2026 14:34:21 Uhr",""
"Referenz","Referenzen","","","Bewegungsdaten","order_reference","3","mdi-clipboard-text-clock-outline","Nein","order-reference","Auftrag","28.07.2026 14:34:21 Uhr","","28.07.2026 14:34:21 Uhr",""
"Referenz","Referenzen","","","Bewegungsdaten","stocktaking_receipt_position_reference","1","mdi-clipboard-text-clock-outline","Nein","stocktaking-receipt-position-reference","Position","28.07.2026 14:34:21 Uhr","","28.07.2026 14:34:21 Uhr",""
"Referenz","Referenzen","","","Bewegungsdaten","stocktaking_reference","","mdi-clipboard-text-clock-outline","Nein","stocktaking-reference","Inventur","28.07.2026 14:34:21 Uhr","","28.07.2026 14:34:21 Uhr",""
"Referenz","Referenzen","","","Bewegungsdaten","handling_unit_position_reference","2","mdi-clipboard-text-clock-outline","Nein","handling-unit-position-reference","Position","28.07.2026 14:34:21 Uhr","","28.07.2026 14:34:21 Uhr",""
"Referenz","Referenzen","","","Bewegungsdaten","allocation_reference","0","mdi-clipboard-text-clock-outline","Nein","allocation-reference","Zuteilung","28.07.2026 14:34:21 Uhr","","28.07.2026 14:34:21 Uhr",""
"Regal","Regale","","","Stammdaten","shelve","11","mdi-library-shelves","Nein","shelve","Standort","28.07.2026 14:34:21 Uhr","","28.07.2026 14:34:21 Uhr",""
"Region","Regionen","","","Stammdaten","region","","mdi-land-plots-marker","Nein","region","Länderkennzeichen","28.07.2026 14:34:21 Uhr","","28.07.2026 14:34:21 Uhr",""
"Reservierung","Reservierungen","","","Bewegungsdaten","reservation_hu","0","mdi-link-lock","Nein","reservation-hu","Position","28.07.2026 14:34:21 Uhr","","28.07.2026 14:34:21 Uhr",""
"Ressource","Ressourcen","","","Bewegungsdaten","active_ressources","","mdi-cart-variant","Ja","active_ressources","","28.07.2026 14:34:21 Uhr","","28.07.2026 14:34:21 Uhr",""
"Ressource","Ressourcen","","","Stammdaten","resource","1","mdi-table-furniture","Nein","resource","Standort","28.07.2026 14:34:21 Uhr","","28.07.2026 14:34:21 Uhr",""
"Risikogruppe","Risikogruppen","","","Stammdaten","risk_group","","mdi-asterisk-circle-outline","Nein","risk-group","","28.07.2026 14:34:21 Uhr","","28.07.2026 14:34:21 Uhr",""
"Route","Routen","","","Bewegungsdaten","route_section","","mdi-map-marker-distance","Nein","route-section","Position","28.07.2026 14:34:21 Uhr","","28.07.2026 14:34:21 Uhr",""
"Route","Routen","","","Stammdaten","route","8","mdi-map-marker-distance","Nein","route","Standort","28.07.2026 14:34:21 Uhr","","28.07.2026 14:34:21 Uhr",""
"Routing-Punkt","Routing-Punkte","","","Stammdaten","routing_point","7","room","Nein","routing-point","Standort","28.07.2026 14:34:21 Uhr","","28.07.2026 14:34:21 Uhr",""
"Saldensatz","Saldensätze","","","Stammdaten","17f479","","mdi-scale-unbalanced","Nein","","Bestandskonto","28.07.2026 14:34:21 Uhr","","28.07.2026 14:34:21 Uhr",""
"Saldensatz","Saldensätze","","","Stammdaten","4b52e9","","mdi-bank","Nein","","Partnerkonto","28.07.2026 14:34:21 Uhr","","28.07.2026 14:34:21 Uhr",""
"Schlüssel (Abrechnung)","Schlüssel (Abrechnung)","","","Stammdaten","billing_key","0","mdi-cash","Nein","billing-key","Buchungskreis Abrechnung","28.07.2026 14:34:21 Uhr","","28.07.2026 14:34:21 Uhr",""
"Seriennummer","Seriennummern","","","Bewegungsdaten","order_position_serial_number","4","mdi-key-link","Nein","order-position-serial-number","Position","28.07.2026 14:34:21 Uhr","","28.07.2026 14:34:21 Uhr",""
"Seriennummer","Seriennummern","","","Bewegungsdaten","allocation_serial_number","2","mdi-key-link","Nein","allocation-serial-number","Zuteilung","28.07.2026 14:34:21 Uhr","","28.07.2026 14:34:21 Uhr",""
"Seriennummer","Seriennummern","","","Bewegungsdaten","2e697a","0","mdi-key-link","Nein","","Position","28.07.2026 14:34:21 Uhr","","28.07.2026 14:34:21 Uhr",""
"Seriennummer","Seriennummern","","","Bewegungsdaten","573e5b","","mdi-key-link","Nein","","Bestandsprotokoll","28.07.2026 14:34:21 Uhr","","28.07.2026 14:34:21 Uhr",""
"Seriennummer","Seriennummern","","","Bewegungsdaten","hu_position_serial_number","1","mdi-key-link","Nein","hu-position-serial-number","Position","28.07.2026 14:34:21 Uhr","","28.07.2026 14:34:21 Uhr",""
"Seriennummer","Seriennummern","","","Bewegungsdaten","task_serial_number","1","mdi-key-link","Nein","task-serial-number","Position","28.07.2026 14:34:21 Uhr","","28.07.2026 14:34:21 Uhr",""
"Serviceart","Servicearten","","","Stammdaten","service_sub_type","0","mdi-bookmark-multiple-outline","Nein","service-sub-type","Art (Versand)","28.07.2026 14:34:21 Uhr","","28.07.2026 14:34:21 Uhr",""
"Signalwort","Signalwörter","","","Stammdaten","signal_word","14","$plx-signal-words","Nein","signal-word","","28.07.2026 14:34:21 Uhr","","28.07.2026 14:34:21 Uhr",""
"Soll-Daten (Auftragsmatrix)","Soll-Daten (Auftragsmatrix)","","","Stammdaten","order_matrix_order_structure","0","mdi-compare","Nein","order-matrix-order-structure","Matrix (Auftrag)","28.07.2026 14:34:21 Uhr","","28.07.2026 14:34:21 Uhr",""
"Sortierung","Sortierungen","","","Stammdaten","task_evaluation_sorting","1","mdi-sort","Nein","task-evaluation-sorting","Vorgangseinstufung II","28.07.2026 14:34:21 Uhr","","28.07.2026 14:34:21 Uhr",""
"Sortierung","Sortierungen","","","Stammdaten","locating_search_ordering","0","mdi-sort","Nein","locating-search-ordering","Sortierung (Lokationssuche)","28.07.2026 14:34:21 Uhr","","28.07.2026 14:34:21 Uhr",""
"Sortierung","Sortierungen","","","Stammdaten","order_pool_sorting","0","mdi-sort","Nein","order-pool-sorting","Pool (Auftrag)","28.07.2026 14:34:21 Uhr","","28.07.2026 14:34:21 Uhr",""
"Sortierung","Sortierungen","","","Stammdaten","task_ordering_sorting","1","mdi-sort","Nein","task-ordering-sorting","Sortierung (Vorgang)","28.07.2026 14:34:21 Uhr","","28.07.2026 14:34:21 Uhr",""
"Sortierung","Sortierungen","","","Stammdaten","task_pool_sorting","0","mdi-sort","Nein","task-pool-sorting","Pool (Vorgang)","28.07.2026 14:34:21 Uhr","","28.07.2026 14:34:21 Uhr",""
"Sortierung","Sortierungen","","","Stammdaten","reservation_sorting","1","mdi-sort","Nein","reservation-sorting","Typ (Zuteilung)","28.07.2026 14:34:21 Uhr","","28.07.2026 14:34:21 Uhr",""
"Sortierung (Auftrag)","Sortierungen (Auftrag)","","","Stammdaten","sorting_order_head_wave","","mdi-sort","Nein","sorting-order-head-wave","Profil (Welle)","28.07.2026 14:34:21 Uhr","","28.07.2026 14:34:21 Uhr",""
"Sortierung (Auftrag)","Sortierungen (Auftrag)","","","Stammdaten","sorting_order_head_tour","1","mdi-sort","Nein","sorting-order-head-tour","Profil (Tour)","28.07.2026 14:34:21 Uhr","","28.07.2026 14:34:21 Uhr",""
"Sortierung (Auftrag)","Sortierungen (Auftrag)","","","Stammdaten","order_head_sorting","0","mdi-sort","Nein","order-head-sorting","Profil (Sendung)","28.07.2026 14:34:21 Uhr","","28.07.2026 14:34:21 Uhr",""
"Sortierung/ Limitierung","Sortierungen/ Limitierungen","","","Stammdaten","stocktaking_sort_limiter","","mdi-sort","Nein","stocktaking-sort-limiter","Inventurprofil","28.07.2026 14:34:21 Uhr","","28.07.2026 14:34:21 Uhr",""
"Sortierung (Lokationssuche)","Sortierungen (Lokationssuche)","","","Stammdaten","locating_search_sorting","17","mdi-sort","Nein","locating-search-sorting","Buchungskreis Lagertopologie","28.07.2026 14:34:21 Uhr","","28.07.2026 14:34:21 Uhr",""
"Sortierung (Sendung)","Sortierungen (Sendung)","","","Stammdaten","shipment_sorting","1","mdi-sort","Nein","shipment-sorting","Profil (Sendung)","28.07.2026 14:34:21 Uhr","","28.07.2026 14:34:21 Uhr",""
"Sortierung (Vorgang)","Sortierungen (Vorgang)","","","Stammdaten","task_ordering","2","mdi-sort","Nein","task-ordering","Buchungskreis Vorgang","28.07.2026 14:34:21 Uhr","","28.07.2026 14:34:21 Uhr",""
"Sprache","Sprachen","","","Stammdaten","wmx_language","","$plx-languages","Nein","wmx-language","","28.07.2026 14:34:21 Uhr","","28.07.2026 14:34:21 Uhr",""
"Stamm (Fahrzeug)","Stämme (Fahrzeug)","","","Stammdaten","vehicle_master","0","mdi-truck","Nein","vehicle-master","Stamm (Unternehmer)","28.07.2026 14:34:21 Uhr","","28.07.2026 14:34:21 Uhr",""
"Stamm (HU-Meldung)","Stämme (Meldung)","","","Stammdaten","hu_message","","mdi-alert-circle-outline","Nein","hu-message","Buchungskreis Handling-Unit","04.09.2026 14:13:17 Uhr","Bente Wittern","04.09.2026 15:31:03 Uhr","Bente Wittern"
"Stamm (Meldung)","Stämme (Meldung)","","","Stammdaten","message","10","mdi-alert-circle-outline","Nein","message","Buchungskreis Vorgang","28.07.2026 14:34:21 Uhr","","30.07.2026 16:40:30 Uhr","Bente Wittern"
"Stamm (Prüfplan)","Stämme (Prüfplan)","","","Stammdaten","a890f0","18","mdi-format-list-checkbox","Nein","","Buchungskreis Auftrag","28.07.2026 14:34:21 Uhr","","28.07.2026 14:34:21 Uhr",""
"Stamm (Text)","Stämme (Text)","","","Stammdaten","text_category","13","mdi-text-box-outline","Nein","text-category","Buchungskreis Auftrag","28.07.2026 14:34:21 Uhr","","28.07.2026 14:34:21 Uhr",""
"Stamm (Unternehmer)","Stämme (Unternehmer)","","","Stammdaten","master_transport_operator","0","mdi-account-group","Nein","master-transport-operator","Buchungskreis Disposition","28.07.2026 14:34:21 Uhr","","28.07.2026 14:34:21 Uhr",""
"Stamm (VAS)","Stämme (VAS)","","","Stammdaten","vas_master","16","mdi-shape-plus","Nein","vas-master","Buchungskreis Auftrag","28.07.2026 14:34:21 Uhr","","28.07.2026 14:34:21 Uhr",""
"Stamm (Zustellgrund)","Stämme (Zustellgrund)","","","Stammdaten","b8246a","1","online_prediction","Nein","","Buchungskreis Disposition","28.07.2026 14:34:21 Uhr","","28.07.2026 14:34:21 Uhr",""
"Standort","Standorte","","","Stammdaten","site","","$plx-sites","Nein","site","","28.07.2026 14:34:21 Uhr","","28.07.2026 14:34:21 Uhr",""
"Status (Platz)","Status (Platz)","","","Stammdaten","storage_zone_grid","","mdi-blur-linear","Nein","storage-zone-grid","Zone","28.07.2026 14:34:21 Uhr","","28.07.2026 14:34:21 Uhr",""
"Steuercode (Auftrag)","Steuercodes (Auftrag)","","","Stammdaten","order_control_code","0","mdi-directions-fork","Nein","order-control-code","Buchungskreis Auftrag","28.07.2026 14:34:21 Uhr","","28.07.2026 14:34:21 Uhr",""
"Steuercode (Auftragsposition)","Steuercodes (Auftragsposition)","","","Stammdaten","order_position_control_code","5","mdi-directions-fork","Nein","order-position-control-code","Buchungskreis Auftrag","28.07.2026 14:34:21 Uhr","","28.07.2026 14:34:21 Uhr",""
"Steuercode (Vorgang)","Steuercodes (Vorgang)","","","Stammdaten","task_control_code","0","mdi-directions-fork","Nein","task-control-code","Buchungskreis Vorgang","28.07.2026 14:34:21 Uhr","","28.07.2026 14:34:21 Uhr",""
"Stückliste","Stücklisten","","","Stammdaten","parts_list","4","mdi-clipboard-list-outline","Nein","parts-list","Artikelstamm","28.07.2026 14:34:21 Uhr","","28.07.2026 14:34:21 Uhr",""
"Stücklistenposition","Stücklistenpositionen","","","Stammdaten","parts_list_position","","mdi-table-of-contents","Nein","parts-list-position","Stückliste","28.07.2026 14:34:21 Uhr","","28.07.2026 14:34:21 Uhr",""
"Systemanbindung","Systemanbindungen","","","Stammdaten","system_connection","4","mdi-connection","Nein","system-connection","Mandant","28.07.2026 14:34:21 Uhr","","28.07.2026 14:34:21 Uhr",""
"Tag (Artikelstammanhang)","Tags (Artikelstammanhang)","","","Stammdaten","150883","","mdi-folder-table-outline","Nein","","Buchungskreis Artikelstamm","28.07.2026 14:34:21 Uhr","","28.07.2026 14:34:21 Uhr",""
"Tag (Auftragsanhang)","Tags (Auftragsanhang)","","","Stammdaten","order_attachment_tag","23","mdi-folder-table-outline","Nein","order-attachment-tag","Buchungskreis Auftrag","28.07.2026 14:34:21 Uhr","","28.07.2026 14:34:21 Uhr",""
"Tag (Fahrzeug Anhang)","Tags (Fahrzeug Anhang)","","","Stammdaten","vehicle_attachment_tag","5","mdi-folder-table-outline","Nein","vehicle-attachment-tag","Buchungskreis Disposition","28.07.2026 14:34:21 Uhr","","28.07.2026 14:34:21 Uhr",""
"Tag (HU-Anhang)","Tags (HU-Anhang)","","","Stammdaten","handling_unit_attachment_tag","9","mdi-folder-table-outline","Nein","handling-unit-attachment-tag","Buchungskreis Handling-Unit","28.07.2026 14:34:21 Uhr","","28.07.2026 14:34:21 Uhr",""
"Tag (Ladungsanhang)","Tags (Ladungsanhang)","","","Stammdaten","freight_attachment_tag","8","mdi-folder-table-outline","Nein","freight-attachment-tag","Buchungskreis Tour/Ladung","28.07.2026 14:34:21 Uhr","","28.07.2026 14:34:21 Uhr",""
"Tag (Text)","Tags (Text)","","","Stammdaten","text_tag","15","mdi-tag-text-outline","Nein","tag-text","Buchungskreis Auftrag","28.07.2026 14:34:21 Uhr","","28.07.2026 14:34:21 Uhr",""
"Tag (Tour)","Tags (Tour)","","","Stammdaten","41f52b","","mdi-tag-text-outline","Nein","","Buchungskreis Tour/Ladung","28.07.2026 14:34:21 Uhr","","28.07.2026 14:34:21 Uhr",""
"Tag (Unternehmeranhang)","Tags (Unternehmeranhang)","","","Stammdaten","transport_operator_tags","6","mdi-folder-table-outline","Nein","transport-operator-tag","Buchungskreis Disposition","28.07.2026 14:34:21 Uhr","","28.07.2026 14:34:21 Uhr",""
"Tag (Vorgangsanhang)","Tags (Vorgangsanhang)","","","Stammdaten","task_attachment_tag","13","mdi-folder-table-outline","Nein","task-attachment-tag","Buchungskreis Vorgang","28.07.2026 14:34:21 Uhr","","28.07.2026 14:34:21 Uhr",""
"Text","Texte","","","Bewegungsdaten","order_position_text","1","mdi-text-box-outline","Nein","order-position-text","Position","28.07.2026 14:34:21 Uhr","","28.07.2026 14:34:21 Uhr",""
"Text","Texte","","","Bewegungsdaten","order_text","4","mdi-text-box-outline","Nein","order-text","Auftrag","28.07.2026 14:34:21 Uhr","","28.07.2026 14:34:21 Uhr",""
"Text","Texte","","","Bewegungsdaten","tour_text","","mdi-text-box-outline","Nein","tour-text","Tour","28.07.2026 14:34:21 Uhr","","28.07.2026 14:34:21 Uhr",""
"Tour","Touren","","","Bewegungsdaten","tour","","$plx-tour","Nein","tour","","28.07.2026 14:34:21 Uhr","","28.07.2026 14:34:21 Uhr",""
"Tour Fahrzeuge","Tour Fahrzeuge","","","Bewegungsdaten","tour_vehicles","","","Nein","tour-vehicles","Tour","28.07.2026 14:34:21 Uhr","","28.07.2026 14:34:21 Uhr",""
"Transportkategorie","Transportkategorien","","","Stammdaten","transport_category","15","$plx-hazard-transport-categories","Nein","transport-category","","28.07.2026 14:34:21 Uhr","","28.07.2026 14:34:21 Uhr",""
"Typ (Adresse)","Typen (Adresse)","","","Stammdaten","address_type","2","mdi-folder-account-outline","Nein","address-type","Buchungskreis Adressstamm","28.07.2026 14:34:21 Uhr","","28.07.2026 14:34:21 Uhr",""
"Typ (Auftrag)","Typen (Auftrag)","","","Schema","order_type","5","$plx-type-order","Nein","order-type","Auftrag","28.07.2026 14:34:21 Uhr","","28.07.2026 14:34:21 Uhr",""
"Typ (Beschränkungen)","Typen (Beschränkungen)","","","Stammdaten","restriction_type","4","mdi-traffic-light","Nein","","Buchungskreis Disposition","28.07.2026 14:34:21 Uhr","","28.07.2026 14:34:21 Uhr",""
"Typ (Fach)","Typen (Fach)","","","Stammdaten","compartment_type","7","mdi-focus-field-horizontal","Nein","compartment-type","Buchungskreis Lagertopologie","28.07.2026 14:34:21 Uhr","","28.07.2026 14:34:21 Uhr",""
"Typ (Fahrzeug)","Typen (Fahrzeug)","","","Stammdaten","vehicle_type","2","mdi-truck","Nein","vehicle-type","Buchungskreis Disposition","28.07.2026 14:34:21 Uhr","","28.07.2026 14:34:21 Uhr",""
"Typ (Feld)","Typen (Feld)","","","Stammdaten","storage_field_type","8","mdi-focus-field","Nein","storage-field-type","Buchungskreis Lagertopologie","28.07.2026 14:34:21 Uhr","","28.07.2026 14:34:21 Uhr",""
"Typ (HU)","Typen (HU)","","","Stammdaten","handling_unit_type","1","mdi-package-variant-closed","Nein","handling-unit-type","Buchungskreis Handling-Unit","28.07.2026 14:34:21 Uhr","","28.07.2026 14:34:21 Uhr",""
"Typ (HU-Höhen)","Typen (HU-Höhen)","","","Stammdaten","handling_unit_height_type","2","mdi-arrow-up-down","Nein","handling-unit-height-type","Buchungskreis Handling-Unit","28.07.2026 14:34:21 Uhr","","28.07.2026 14:34:21 Uhr",""
"Typ (HU-Identifikation)","Typen (HU-Identifikation)","","","Stammdaten","handling_unit_identification_type","4","mdi-barcode","Nein","handling-unit-identification-type","Buchungskreis Handling-Unit","28.07.2026 14:34:21 Uhr","","28.07.2026 14:34:21 Uhr",""
"Typ (HU-Segmentierung)","Typen (HU-Segmentierung)","","","Stammdaten","handling_unit_segmentation_type","3","mdi-rhombus-split-outline","Nein","handling-unit-segmentation-type","Buchungskreis Handling-Unit","28.07.2026 14:34:21 Uhr","","28.07.2026 14:34:21 Uhr",""
"Typ (HU-Suche)","Typen (HU-Suche)","","","Stammdaten","handling_unit_search_type","5","mdi-package-variant","Nein","handling-unit-search-type","Buchungskreis Handling-Unit","28.07.2026 14:34:21 Uhr","","28.07.2026 14:34:21 Uhr",""
"Typ (Lademittel)","Typen (Lademittel)","","","Stammdaten","5b97b0","2","mdi-package-variant-closed","Nein","","Buchungskreis Lademittelkonto","28.07.2026 14:34:21 Uhr","","28.07.2026 14:34:21 Uhr",""
"Typ (Lademittelbuchung)","Typen (Lademittelbuchung)","","","Stammdaten","17eb88","4","mdi-link","Nein","","Buchungskreis Lademittelkonto","28.07.2026 14:34:21 Uhr","","28.07.2026 14:34:21 Uhr",""
"Typ (Lademittelqualität)","Typen (Lademittelqualität)","","","Stammdaten","35ed8a","3","mdi-tag-multiple-outline","Nein","","Buchungskreis Lademittelkonto","28.07.2026 14:34:21 Uhr","","28.07.2026 14:34:21 Uhr",""
"Typ (Platz)","Typen (Platz)","","","Stammdaten","storage_location_type","3","mdi-map-marker-circle","Nein","storage-location-type","Buchungskreis Lagertopologie","28.07.2026 14:34:21 Uhr","","28.07.2026 14:34:21 Uhr",""
"Typ (Platz-Höhen)","Typen (Platz-Höhen)","","","Stammdaten","storage_location_height_type","6","mdi-arrow-up-down","Nein","storage-location-height-type","Buchungskreis Lagertopologie","28.07.2026 14:34:21 Uhr","","28.07.2026 14:34:21 Uhr",""
"Typ (Ressource)","Typen (Ressource)","","","Stammdaten","resource_type","10","mdi-table-furniture","Nein","resource-type","Buchungskreis Lagertopologie","28.07.2026 14:34:21 Uhr","","28.07.2026 14:34:21 Uhr",""
"Typ (Vorgang)","Typen (Vorgang)","","","Schema","task_type","","$plx-type-task","Nein","task-type","Vorgang","28.07.2026 14:34:21 Uhr","","28.07.2026 14:34:21 Uhr",""
"Typ (Vorgangspos.)","Typen (Vorgangspos.)","","","Schema","task_position_type","2","$plx-type-task-positions","Nein","task-position-type","Position","28.07.2026 14:34:21 Uhr","","28.07.2026 14:34:21 Uhr",""
"Typ (Zone)","Typen (Zone)","","","Stammdaten","storage_zone_type","0","mdi-land-plots","Nein","storage-zone-type","Buchungskreis Lagertopologie","28.07.2026 14:34:21 Uhr","","28.07.2026 14:34:21 Uhr",""
"Typ (Zuteilung)","Typen (Zuteilung)","","","Schema","allocation_type","5","$plx-type-allocation","Nein","allocation-type","Zuteilung","28.07.2026 14:34:21 Uhr","","28.07.2026 14:34:21 Uhr",""
"UN-Nummer","UN-Nummern","","","Stammdaten","un_number","7","$plx-un-numbers","Nein","un-number","","28.07.2026 14:34:21 Uhr","","28.07.2026 14:34:21 Uhr",""
"Variantenstamm","Variantenstämme","","","Stammdaten","variant_master","2","mdi-format-line-style","Nein","variant-master","Artikelstamm","28.07.2026 14:34:21 Uhr","","28.07.2026 14:34:21 Uhr",""
"VAS","VAS","","","Bewegungsdaten","order_position_vas","2","mdi-shape-plus","Nein","order-position-vas","Position","28.07.2026 14:34:21 Uhr","","28.07.2026 14:34:21 Uhr",""
"VAS","VAS","","","Bewegungsdaten","order_vas","5","mdi-shape-plus","Nein","order-vas","Auftrag","28.07.2026 14:34:21 Uhr","","28.07.2026 14:34:21 Uhr",""
"VAS-Schritt","VAS-Schritte","","","Bewegungsdaten","order_position_vas_step","","mdi-debug-step-over","Nein","order-position-vas-step","VAS","28.07.2026 14:34:21 Uhr","","28.07.2026 14:34:21 Uhr",""
"VAS-Schritt","VAS-Schritte","","","Bewegungsdaten","order_vas_step","","mdi-debug-step-over","Nein","order-vas-step","VAS","28.07.2026 14:34:21 Uhr","","28.07.2026 14:34:21 Uhr",""
"VAS-Schritt","VAS-Schritte","","","Stammdaten","vas_step","","mdi-debug-step-over","Nein","vas-step","Stamm (VAS)","28.07.2026 14:34:21 Uhr","","28.07.2026 14:34:21 Uhr",""
"Verdichtung","Verdichtungen","","","Stammdaten","batch_compaction","","mdi-arrow-collapse-all","Nein","batch-compaction","Profil (Sammelliste)","28.07.2026 14:34:21 Uhr","","28.07.2026 14:34:21 Uhr",""
"Verfahren (Retouren)","Verfahren (Retouren)","","","Stammdaten","return_delivery_procedure","","mdi-sticker-text-outline","Nein","return-delivery-procedure","Profil (Retoure)","28.07.2026 14:34:21 Uhr","","28.07.2026 14:34:21 Uhr",""
"Verkehrsträger","Verkehrsträger","","","Stammdaten","modes_of_transport","","mdi-train-car","Nein","","Gefahrrechtliche Grundlage","28.07.2026 14:34:21 Uhr","","28.07.2026 14:34:21 Uhr",""
"Verpackungsgruppe","Verpackungsgruppen","","","Stammdaten","packaging_group","13","$plx-packaging-groups","Nein","packaging-group","","28.07.2026 14:34:21 Uhr","","28.07.2026 14:34:21 Uhr",""
"Verpackungsstruktur","Verpackungsstrukturen","","","Stammdaten","packaging_structure","0","mdi-file-table-box-outline","Nein","packaging-structure","Artikelstamm","28.07.2026 14:34:21 Uhr","","28.07.2026 14:34:21 Uhr",""
"Verpackungsstruktur","Verpackungsstrukturen","","","Stammdaten","task_evaluation_packaging_structure","4","mdi-file-table-box-outline","Nein","task-evaluation-packaging-structure","Vorgangseinstufung II","28.07.2026 14:34:21 Uhr","","28.07.2026 14:34:21 Uhr",""
"Verpackungsstrukturposition","Verpackungsstrukturpositionen","","","Stammdaten","packaging_structure_pos","","mdi-table-of-contents","Nein","packaging-structure-pos","Verpackungsstruktur","28.07.2026 14:34:21 Uhr","","28.07.2026 14:34:21 Uhr",""
"Verteiler","Verteiler","","","Stammdaten","distributor","","shuffle","Nein","distributor","Standort","28.07.2026 14:34:21 Uhr","","28.07.2026 14:34:21 Uhr",""
"Verträglichkeitsgruppe","Verträglichkeitsgruppen","","","Stammdaten","compatability_group","16","$plx-compatibility-groups","Nein","compatability-group","","28.07.2026 14:34:21 Uhr","","28.07.2026 14:34:21 Uhr",""
"Verzollung","Verzollungen","","","Bewegungsdaten","customs_head","","$plx-customs","Nein","customs-head","","28.07.2026 14:34:21 Uhr","","28.07.2026 14:34:21 Uhr",""
"Vorgang","Vorgänge","","","Bewegungsdaten","task_head","","$plx-tasks","Ja","task-head","","28.07.2026 14:34:21 Uhr","","28.07.2026 14:34:21 Uhr",""
"Vorgangseinstufung I","Vorgangseinstufungen I","","","Stammdaten","task_evaluation_step1","4","mdi-step-forward","Nein","task-evaluation-step1","Buchungskreis Vorgang","28.07.2026 14:34:21 Uhr","","28.07.2026 14:34:21 Uhr",""
"Vorgangseinstufung II","Vorgangseinstufungen II","","","Stammdaten","task_evaluation_step2","5","mdi-step-forward-2","Nein","task-evaluation-step2","Buchungskreis Vorgang","28.07.2026 14:34:21 Uhr","","28.07.2026 14:34:21 Uhr",""
"Vorgangszuordnung","Vorgangszuordnungen","","","Stammdaten","task_assignment","4","multiple_stop","Nein","task-assignment","Standort","28.07.2026 14:34:21 Uhr","","28.07.2026 14:34:21 Uhr",""
"Währung","Währungen","","","Stammdaten","currency","","$plx-currencies","Nein","currency","","28.07.2026 14:34:21 Uhr","","28.07.2026 14:34:21 Uhr",""
"Wassergefährdungsklasse","Wassergefährdungsklassen","","","Stammdaten","water_hazard_class","17","$plx-water-hazard-classes","Nein","water-hazard-class","","28.07.2026 14:34:21 Uhr","","28.07.2026 14:34:21 Uhr",""
"Wirtschaftszone","Wirtschaftszonen","","","Stammdaten","economic_zone","1","mdi-vector-union","Nein","economic-zone","Buchungskreis Zoll","28.07.2026 14:34:21 Uhr","","28.07.2026 14:34:21 Uhr",""
"x-Achse (Höhe)","x-Achsen (Höhe)","","","Stammdaten","location_height","13","mdi-axis-x-arrow","Nein","location-height","Standort","28.07.2026 14:34:21 Uhr","","28.07.2026 14:34:21 Uhr",""
"xyz-Achse (Artikelkategorie)","xyz-Achsen (Artikelkategorie)","","","Stammdaten","stock_restriction_xyz","","mdi-axis-arrow","Nein","stock-restriction-xyz","Profil (Bestandsrestriktionen)","28.07.2026 14:34:21 Uhr","","28.07.2026 14:34:21 Uhr",""
"y-Achse (Ebene)","y-Achsen (Ebene)","","","Stammdaten","location_level","12","mdi-axis-y-arrow","Nein","location-level","Standort","28.07.2026 14:34:21 Uhr","","28.07.2026 14:34:21 Uhr",""
"z-Achse (Tiefe)","z-Achsen (Tiefe)","","","Stammdaten","location_depth","14","mdi-axis-z-arrow","Nein","location-depth","Standort","28.07.2026 14:34:21 Uhr","","28.07.2026 14:34:21 Uhr",""
"Zähler (Begrenzer)","Zähler (Begrenzer)","","","Stammdaten","counter","","mdi-counter","Nein","counter","Standort","28.07.2026 14:34:21 Uhr","","28.07.2026 14:34:21 Uhr",""
"Zeittrigger","Zeittrigger","","","Stammdaten","stock_qualification_trigger","2","mdi-calendar-clock","Nein","stock-qualification-trigger","Profil (Bestandsarten)","28.07.2026 14:34:21 Uhr","","28.07.2026 14:34:21 Uhr",""
"Zeitzonen","","","","Stammdaten","c71786","","","Nein","","Basiskonfiguration","28.07.2026 14:34:21 Uhr","","28.07.2026 14:34:21 Uhr",""
"Zone","Zonen","","","Stammdaten","storage_zone","0","mdi-land-plots","Nein","storage-zone","Standort","28.07.2026 14:34:21 Uhr","","28.07.2026 14:34:21 Uhr",""
"Zonierung","Zonierungen","","","Stammdaten","locating_search_grouping","","mdi-land-plots","Nein","locating-search-grouping","Lokationssuche","28.07.2026 14:34:21 Uhr","","28.07.2026 14:34:21 Uhr",""
"Zonierung","Zonierungen","","","Bewegungsdaten","order_consolidation","6","mdi-land-plots","Nein","order-consolidation","Auftrag","28.07.2026 14:34:21 Uhr","","28.07.2026 14:34:21 Uhr",""
"Zonierung","Zonierungen","","","Bewegungsdaten","tour_consolidation","1","mdi-land-plots","Nein","tour-consolidation","Tour","28.07.2026 14:34:21 Uhr","","28.07.2026 14:34:21 Uhr",""
"Zonierung","Zonierungen","","","Stammdaten","reservation_zoning","0","mdi-land-plots","Nein","reservation-zoning","Typ (Zuteilung)","28.07.2026 14:34:21 Uhr","","28.07.2026 14:34:21 Uhr",""
"Zonierung","Zonierungen","","","Bewegungsdaten","order_wave_zoning","","mdi-land-plots","Nein","order-wave-zoning","Auftragswelle","28.07.2026 14:34:21 Uhr","","28.07.2026 14:34:21 Uhr",""
"Zulässige Gefahrstoffmenge","Zulässige Gefahrstoffmengen","","","Stammdaten","permissible_qty_hazardous_substances","","mdi-eye-check-outline","Nein","permissible-qty-hazardous-substances","Cluster (Zone)","28.07.2026 14:34:21 Uhr","","28.07.2026 14:34:21 Uhr",""
"Zuordnung (Abrechnungsschlüssel)","Zuordnungen (Abrechnungsschlüssel)","","","Stammdaten","billing_assignment","","mdi-cash","Nein","billing-assignment","Profil (Abrechnung)","28.07.2026 14:34:21 Uhr","","28.07.2026 14:34:21 Uhr",""
"Zuordnung (Abrechnungstrigger)","Zuordnungen (Abrechnungstrigger)","","","Stammdaten","billing_key_trigger","","$plx-arrow-types","Nein","billing-key-trigger","Schlüssel (Abrechnung)","28.07.2026 14:34:21 Uhr","","28.07.2026 14:34:21 Uhr",""
"Zuordnung (Adresse)","Zuordnungen (Adresse)","","","Stammdaten","tour_address_assignment","0","mdi-home-city-outline","Nein","tour-address-assignment","Profil (Tour)","28.07.2026 14:34:21 Uhr","","28.07.2026 14:34:21 Uhr",""
"Zuordnung (Adresse)","Zuordnungen (Adresse)","","","Stammdaten","customs_address_assigment","0","mdi-home-city-outline","Nein","customs-address-assigment","Profil (Zollverfahren)","28.07.2026 14:34:21 Uhr","","28.07.2026 14:34:21 Uhr",""
"Zuordnung (Adresse)","Zuordnungen (Adresse)","","","Stammdaten","freight_address_assignment","2","mdi-home-city-outline","Nein","freight-address-assignment","Profil (Ladung)","28.07.2026 14:34:21 Uhr","","28.07.2026 14:34:21 Uhr",""
"Zuordnung (Adresskategorie)","Zuordnungen (Adresskategorie)","","","Stammdaten","order_assignment_address_category","","mdi-home-city-outline","Nein","order-assignment-address-category","Profil (Auftragsvalidierung)","28.07.2026 14:34:21 Uhr","","28.07.2026 14:34:21 Uhr",""
"Zuordnung (Aktion)","Zuordnungen (Aktion)","","","Stammdaten","route_action_assignment","","mdi-movie-open-play","Nein","route-action-assignment","Route","28.07.2026 14:34:21 Uhr","","28.07.2026 14:34:21 Uhr",""
"Zuordnung (Aktion)","Zuordnungen (Aktion)","","","Stammdaten","storage_location_type_action","3","mdi-movie-open-play","Nein","storage-location-type-action","Typ (Platz)","28.07.2026 14:34:21 Uhr","","28.07.2026 14:34:21 Uhr",""
"Zuordnung (Arbeitszone)","Zuordnungen (Arbeitszone)","","","Stammdaten","resource_assigned_working_area","","mdi-select-marker","Nein","resource-assigned-working-area","Ressource","28.07.2026 14:34:21 Uhr","","28.07.2026 14:34:21 Uhr",""
"Zuordnung (Artikel)","Zuordnungen (Artikel)","","","Stammdaten","replenishment_rule_item","","style","Nein","replenishment-rule-items","Bestandsregel","28.07.2026 14:34:21 Uhr","","28.07.2026 14:34:21 Uhr",""
"Zuordnung (Artikelaktion)","Zuordnungen (Artikelaktion)","","","Stammdaten","assigment_article_groups","0","mdi-alpha-a-box-outline","Nein","assigment-article-groups","Inventurprofil","28.07.2026 14:34:21 Uhr","","28.07.2026 14:34:21 Uhr",""
"Zuordnung (Artikelaktion)","Zuordnungen (Artikelaktion)","","","Stammdaten","replenishment_rule_action_group","","mdi-alpha-a-box-outline","Nein","replenishment-rule-action-group","Bestandsregel","28.07.2026 14:34:21 Uhr","","28.07.2026 14:34:21 Uhr",""
"Zuordnung (Bedingung)","Zuordnungen (Bedingung)","","","Stammdaten","assignement_conditions","","","Nein","assignement-conditions","Zusammenlagerungsmatrix","28.07.2026 14:34:21 Uhr","","28.07.2026 14:34:21 Uhr",""
"Zuordnung (Beschränkung)","Zuordnungen (Beschränkung)","","","Stammdaten","assignment_limitations","","mdi-link","Nein","assignment-limitations","Profil (Beschränkungen)","28.07.2026 14:34:21 Uhr","","28.07.2026 14:34:21 Uhr",""
"Zuordnung (Bestandsarten)","Zuordnungen (Bestandsarten)","","","Stammdaten","stock_qualification_assignment","0","mdi-vector-link","Nein","stock-qualification-assignment","Profil (Bestandsarten)","28.07.2026 14:34:21 Uhr","","28.07.2026 14:34:21 Uhr",""
"Zuordnung (Bestandsqualifikation)","Zuordnungen (Bestandsqualifikation)","","","Stammdaten","replenishment_rule_item_qualification","","mdi-tag-multiple-outline","Nein","replenishment-rule-item-qualification","Zuordnung (Artikel)","03.09.2026 11:34:59 Uhr","Bente Wittern","03.09.2026 14:46:47 Uhr","Denis Nickel"
"Zuordnung (Bestandsqualifikation)","Zuordnungen (Bestandsqualifikation)","","","Stammdaten","replenishment_rule_action_group_qualification","","mdi-tag-multiple-outline","Nein","replenishment-rule-action-group-qualification","Zuordnung (Artikelaktion)","03.09.2026 12:05:59 Uhr","Bente Wittern","03.09.2026 14:46:31 Uhr","Denis Nickel"
"Zuordnung (Datenbezeichner)","Zuordnungen (Datenbezeichner)","","","Stammdaten","mask_identifiers","","mdi-code-tags","Nein","mask-identifiers","Input (Maske)","28.07.2026 14:34:21 Uhr","","28.07.2026 14:34:21 Uhr",""
"Zuordnung (Druckausgabe)","Zuordnungen (Druckausgabe)","","","Stammdaten","order_sub_type_print_assignment","","mdi-printer-settings","Nein","order-sub-type-print-assignment","Art (Auftrag)","28.07.2026 14:34:21 Uhr","","28.07.2026 14:34:21 Uhr",""
"Zuordnung (Druckausgabe)","Zuordnungen (Druckausgabe)","","","Stammdaten","0305d2","","","Nein","","VAS-Schritt","28.07.2026 14:34:21 Uhr","","28.07.2026 14:34:21 Uhr",""
"Zuordnung (Druckausgabe)","Zuordnungen (Druckausgabe)","","","Stammdaten","freight_profile_print_assignment","3","mdi-printer-settings","Nein","freight-profile-print-assignment","Profil (Ladung)","28.07.2026 14:34:21 Uhr","","28.07.2026 14:34:21 Uhr",""
"Zuordnung (Druckausgabe)","Zuordnungen (Druckausgabe)","","","Stammdaten","task_sub_type_print_assignment","","mdi-printer-settings","Nein","task-sub-type-print-assignment","Art (Vorgang)","28.07.2026 14:34:21 Uhr","","28.07.2026 14:34:21 Uhr",""
"Zuordnung (Druckausgabe)","Zuordnungen (Druckausgabe)","","","Stammdaten","f20266","","mdi-printer-settings","Nein","","Buchungskreis Disposition","28.07.2026 14:34:21 Uhr","","28.07.2026 14:34:21 Uhr",""
"Zuordnung (Druckausgabe)","Zuordnungen (Druckausgabe)","","","Stammdaten","shipping_sub_type_print_assignment","1","mdi-printer-settings","Nein","shipping-sub-type-print-assignment","Art (Versand)","28.07.2026 14:34:21 Uhr","","28.07.2026 14:34:21 Uhr",""
"Zuordnung (Druckausgabe)","Zuordnungen (Druckausgabe)","","","Stammdaten","8b92ff","","mdi-printer-settings","Nein","","Inventurprofil","28.07.2026 14:34:21 Uhr","","28.07.2026 14:34:21 Uhr",""
"Zuordnung (Druckausgabe)","Zuordnungen (Druckausgabe)","","","Stammdaten","location_type_print_assignment","4","mdi-printer-settings","Nein","location-type-print-assignment","Typ (Platz)","28.07.2026 14:34:21 Uhr","","28.07.2026 14:34:21 Uhr",""
"Zuordnung (Feldvalidierung)","Zuordnungen (Feldvalidierung)","","","Stammdaten","validation_field_assignment","","mdi-eye-check-outline","Nein","validation-field-assignment","Profil (Auftragsvalidierung)","28.07.2026 14:34:21 Uhr","","28.07.2026 14:34:21 Uhr",""
"Zuordnung (Freigabegruppe)","Zuordnungen (Freigabegruppe)","","","Stammdaten","task_assignment_release_group","","mdi-vector-link","Nein","task-assignment_release-group","Profil (Freigabe)","28.07.2026 14:34:21 Uhr","","28.07.2026 14:34:21 Uhr",""
"Zuordnung (Gebinde)","Zuordnungen (Gebinde)","","","Stammdaten","container_allocation","","mdi-tray-full","Nein","container-allocation","Profil (Auftragskalkulation)","28.07.2026 14:34:21 Uhr","","28.07.2026 14:34:21 Uhr",""
"Zuordnung (Höhentyp)","Zuordnungen (Höhentyp)","","","Stammdaten","height_type_relation","","mdi-arrow-up-down","Nein","height-type-relation","Zonierung","28.07.2026 14:34:21 Uhr","","28.07.2026 14:34:21 Uhr",""
"Zuordnung (HU-Kalkulation)","Zuordnungen (HU-Kalkulation)","","","Stammdaten","task_evaluation_hu_calculation","2","mdi-package-variant-closed","Nein","task-evaluation-hu-calculation","Vorgangseinstufung II","28.07.2026 14:34:21 Uhr","","28.07.2026 14:34:21 Uhr",""
"Zuordnung (Inputschablone)","Zuordnungen (Inputschablone)","","","Stammdaten","input_template_assignment","2","mdi-hexagon-multiple-outline","Nein","input-template-assignment","Profil (Bestandsmerkmal)","28.07.2026 14:34:21 Uhr","","28.07.2026 14:34:21 Uhr",""
"Zuordnung (Kategorie)","Zuordnungen (Kategorie)","","","Stammdaten","category_relation","2","mdi-select-group","Nein","category-relation","Sortierung (Lokationssuche)","28.07.2026 14:34:21 Uhr","","28.07.2026 14:34:21 Uhr",""
"Zuordnung (Korrekturschritt)","Zuordnungen (Korrekturschritt)","","","Stammdaten","correction_profile_assignment","","mdi-vector-link","Nein","correction-profile-assignment","Profil (Korrektur)","28.07.2026 14:34:21 Uhr","","28.07.2026 14:34:21 Uhr",""
"Zuordnung (Lade-Informationen)","Zuordnungen (Lade-Informationen)","","","Stammdaten","loading_field_assignment","0","mdi-text-box-edit-outline","Nein","loading-field-assignment","Profil (Ladung)","28.07.2026 14:34:21 Uhr","","28.07.2026 14:34:21 Uhr",""
"Zuordnung (Ladeziel)","Zuordnungen (Ladeziel)","","","Stammdaten","loading_target_assignment","1","mdi-truck-flatbed","Nein","loading-target-assignment","Profil (Ladung)","28.07.2026 14:34:21 Uhr","","28.07.2026 14:34:21 Uhr",""
"Zuordnung (Maske)","Zuordnungen (Maske)","","","Stammdaten","template_masks","","mdi-hexagon-outline","Nein","template-masks","Input (Schablone)","28.07.2026 14:34:21 Uhr","","28.07.2026 14:34:21 Uhr",""
"Zuordnung (Platz)","Zuordnungen (Plätze)","","","Stammdaten","resource_assigned_location","0","mdi-map-marker-circle","Nein","resource-assigned-location","Ressource","28.07.2026 14:34:21 Uhr","","28.07.2026 14:34:21 Uhr",""
"Zuordnung (Prioritätsoptimierung)","Zuordnungen (Prioritätsoptimierung)","","","Stammdaten","assignment_priority_optimisation","","mdi-link","Nein","assignemnt-priority-optimisation","Aktion","28.07.2026 14:34:21 Uhr","","28.07.2026 14:34:21 Uhr",""
"Zuordnung (Prozess)","Zuordnungen (Prozess)","","","Stammdaten","4cc058","0","build","Nein","","Typ (Platz)","28.07.2026 14:34:21 Uhr","","28.07.2026 14:34:21 Uhr",""
"Zuordnung (Quell-Zone)","Zuordnungen (Quell-Zone)","","","Stammdaten","repacking_source_zone_assignment","","mdi-link","Nein","repacking-source-zone-assignment","Profil (Umpacken)","28.07.2026 14:34:21 Uhr","","28.07.2026 14:34:21 Uhr",""
"Zuordnung (Rahmentour - Empfänger)","Zuordnungen (Rahmentour-Empfänger)","","","Stammdaten","assignment_fram_tour_recepient","","mdi-link","Nein","assignment-freight-tour-recepient","Rahmentour","28.07.2026 14:34:21 Uhr","","28.07.2026 14:34:21 Uhr",""
"Zuordnung (Rahmentour - Verlader)","Zuordnungen (Rahmentour-Verlader)","","","Stammdaten","2a9a8f","","mdi-link","Nein","","Rahmentour","28.07.2026 14:34:21 Uhr","","28.07.2026 14:34:21 Uhr",""
"Zuordnung (Ressource)","Zuordnungen (Ressource)","","","Stammdaten","text_tag_resource_assignment","0","mdi-table-furniture","Nein","text-tag-resource-assignment","Tag (Text)","28.07.2026 14:34:21 Uhr","","28.07.2026 14:34:21 Uhr",""
"Zuordnung (TrackingId)","Zuordnungen (TrackingId)","","","Stammdaten","tracking_id_assignment","","mdi-link","Nein","tracking-id-assignment","Art (Versand)","28.07.2026 14:34:21 Uhr","","28.07.2026 14:34:21 Uhr",""
"Zuordnung (Verteilerprofil)","Zuordnungen (Verteiler)","","","Stammdaten","distribution_assignment","","mdi-link","Nein","distribution-assignment","Profil (Verteiler)","28.07.2026 14:34:21 Uhr","","28.07.2026 14:34:21 Uhr",""
"Zuordnung (Vorgangsbuchungsklasse)","Zuordnungen (Vorgangsbuchungsklasse)","","","Stammdaten","task_booking_assignments","","mdi-vector-link","Nein","task-booking-assignments","Profil (Vorgang)","28.07.2026 14:34:21 Uhr","","28.07.2026 14:34:21 Uhr",""
"Zuordnung (Vorgangsprofil)","Zuordnungen (Vorgangsprofil)","","Zuordnung Vorgangsprofile zur Resource","Stammdaten","resource_assigned_task_profile","1","mdi-link","Nein","resource-assigned-task-profile","Ressource","28.07.2026 14:34:21 Uhr","","28.07.2026 14:34:21 Uhr",""
"Zuordnung (Warenausgang)","Zuordnungen (Warenausgang)","","","Stammdaten","assignment_outgoing_goods","","mdi-home-export-outline","Nein","assignment-outgoing-goods","Profil (Seriennummer)","28.07.2026 14:34:21 Uhr","","28.07.2026 14:34:21 Uhr",""
"Zuordnung (Zollabwicklung)","Zuordnungen (Zollabwicklung)","","","Stammdaten","customs_procedure_assigment","2","mdi-shield-key-outline","Nein","customs-procedure-assigment","Profil (Zollverfahren)","28.07.2026 14:34:21 Uhr","","28.07.2026 14:34:21 Uhr",""
"Zuordnung (Zollbescheid - Verzollung)","Zuordnungen (Zollbescheid - Verzollung)","","","Stammdaten","customs_notice_assigment_customs","3","mdi-shield-account-outline","Nein","customs-notice-assigment-customs","Profil (Zollverfahren)","28.07.2026 14:34:21 Uhr","","28.07.2026 14:34:21 Uhr",""
"Zuordnung (Zollbescheid - Zollstatus)","Zuordnungen (Zollbescheid - Zollstatus)","","","Stammdaten","customs_notice_assigment_status","4","mdi-shield-search","Nein","customs-notice-assigment-status","Profil (Zollverfahren)","28.07.2026 14:34:21 Uhr","","28.07.2026 14:34:21 Uhr",""
"Zuordnung (Zolleinheit)","Zuordnungen (Zolleinheit)","","","Stammdaten","customs_quantity_unit_assigment","1","mdi-transition-masked","Nein","customs-quantity-unit-assigment","Profil (Zollverfahren)","28.07.2026 14:34:21 Uhr","","28.07.2026 14:34:21 Uhr",""
"Zuordnung (Zonen)","Zuordnungen (Zonen)","","","Stammdaten","assigment_zone","1","mdi-land-plots","Nein","assigment-zone","Inventurprofil","28.07.2026 14:34:21 Uhr","","28.07.2026 14:34:21 Uhr",""
"Zusammenlagerungsmatrix","Zusammenlagerungsmatrix","","","Stammdaten","co_location_matrix","","mdi-eye-check-outline","Nein","co-location-matrix","","28.07.2026 14:34:21 Uhr","","28.07.2026 14:34:21 Uhr",""
"Zuteilung","Zuteilungen","","","Bewegungsdaten","allocation","","$plx-allocations","Nein","allocation","","28.07.2026 14:34:21 Uhr","","28.07.2026 14:34:21 Uhr",""